2026-07-27T19:13:55.583Z CLI info    Config : {"userName":"[REDACTED]","accessKey":"[REDACTED]","platforms":[{"os":"Windows","osVersion":"11","browserName":"Chrome","browserVersion":"latest"},{"os":"OS X","osVersion":"Sonoma","browserName":"Safari","browserVersion":"latest"},{"os":"Windows","osVersion":"10","browserName":"Firefox","browserVersion":"latest"},{"deviceName":"iPhone 15","osVersion":"17","browserName":"Safari","deviceOrientation":"portrait"},{"deviceName":"Samsung Galaxy S24","osVersion":"14.0","browserName":"Chrome","deviceOrientation":"portrait"}],"browserstackLocal":false,"buildName":"BrowserStack CE Assignment","projectName":"El Pais Scraper Pipeline","debug":true,"networkLogs":true,"consoleLogs":"info","framework":"python"}
2026-07-27T19:13:55.590Z CLI info    Should start debug utility: undefined
2026-07-27T19:13:55.593Z CLI info [testhub:module]   [f8026dcd-0abe-4fc5-af32-54a8ad607223]  Starting testhub from 61943:0
2026-07-27T19:13:55.604Z CLI info   [f8026dcd-0abe-4fc5-af32-54a8ad607223]  [PRODUCTION] Making POST request to https://sdk.browserstack.com
2026-07-27T19:13:55.607Z CLI info   [f8026dcd-0abe-4fc5-af32-54a8ad607223]  [PRODUCTION] Making GET request to https://hub.browserstack.com
2026-07-27T19:13:55.939Z CLI info   [f8026dcd-0abe-4fc5-af32-54a8ad607223]  [PRODUCTION] Making GET request to https://hub-aps.browserstack.com
2026-07-27T19:13:55.940Z CLI info   [f8026dcd-0abe-4fc5-af32-54a8ad607223]  [PRODUCTION] Making GET request to https://hub-euw.browserstack.com
2026-07-27T19:13:55.942Z CLI info   [f8026dcd-0abe-4fc5-af32-54a8ad607223]  [PRODUCTION] Making GET request to https://hub-apse.browserstack.com
2026-07-27T19:13:56.569Z CLI info [testhub:module]   [f8026dcd-0abe-4fc5-af32-54a8ad607223]  startBuild: response=ws4swmjz6ijqwwznz87w3vrjgsv56z3tvvi2lj26
2026-07-27T19:13:56.572Z CLI info  [ws4swmjz6ijqwwznz87w3vrjgsv56z3tvvi2lj26]  [f8026dcd-0abe-4fc5-af32-54a8ad607223]  [PRODUCTION] Making POST request to https://api.browserstack.com
2026-07-27T19:14:42.891Z CLI info  [ws4swmjz6ijqwwznz87w3vrjgsv56z3tvvi2lj26]  [f8026dcd-0abe-4fc5-af32-54a8ad607223]  [PRODUCTION] Making GET request to https://api.browserstack.com
2026-07-27T19:14:42.897Z CLI info  [ws4swmjz6ijqwwznz87w3vrjgsv56z3tvvi2lj26]  [f8026dcd-0abe-4fc5-af32-54a8ad607223]  [PRODUCTION] Making PUT request to https://collector-observability.browserstack.com
2026-07-27T19:14:43.845Z CLI info [testhub:module]  [ws4swmjz6ijqwwznz87w3vrjgsv56z3tvvi2lj26]  [f8026dcd-0abe-4fc5-af32-54a8ad607223]  stopBuild: ws4swmjz6ijqwwznz87w3vrjgsv56z3tvvi2lj26 request={"finished_at":"2026-07-27T19:14:42.891Z","finished_metadata":[],"custom_metadata":null} response={"data":""}
2026-07-27T19:14:43.850Z CLI info  [ws4swmjz6ijqwwznz87w3vrjgsv56z3tvvi2lj26]  [f8026dcd-0abe-4fc5-af32-54a8ad607223]  [PRODUCTION] Making POST request to https://api.browserstack.com
2026-07-27T19:14:44.786Z CLI info [TEST REPORTING AND ANALYTICS:module]  [ws4swmjz6ijqwwznz87w3vrjgsv56z3tvvi2lj26]  [f8026dcd-0abe-4fc5-af32-54a8ad607223]  Visit https://automation.browserstack.com/builds/ws4swmjz6ijqwwznz87w3vrjgsv56z3tvvi2lj26 to view build report, insights, and many more debugging information all at one place!
2026-07-27T19:14:44.844Z CLI info  [ws4swmjz6ijqwwznz87w3vrjgsv56z3tvvi2lj26]  [f8026dcd-0abe-4fc5-af32-54a8ad607223]  [PRODUCTION] Making POST request to https://eds.browserstack.com
2026-07-27T19:15:14.806Z CLI info [main]  [ws4swmjz6ijqwwznz87w3vrjgsv56z3tvvi2lj26]  [f8026dcd-0abe-4fc5-af32-54a8ad607223]  Received graceful signal termination (SIGTERM), performing cleanup
2026-07-27T19:17:18.991Z CLI info    Config : {"userName":"[REDACTED]","accessKey":"[REDACTED]","platforms":[{"os":"Windows","osVersion":"11","browserName":"Chrome","browserVersion":"latest"},{"os":"OS X","osVersion":"Sonoma","browserName":"Safari","browserVersion":"latest"},{"os":"Windows","osVersion":"10","browserName":"Firefox","browserVersion":"latest"},{"deviceName":"iPhone 15","osVersion":"17","browserName":"Safari","deviceOrientation":"portrait"},{"deviceName":"Samsung Galaxy S24","osVersion":"14.0","browserName":"Chrome","deviceOrientation":"portrait"}],"browserstackLocal":false,"buildName":"BrowserStack CE Assignment","projectName":"El Pais Scraper Pipeline","debug":true,"networkLogs":true,"consoleLogs":"info","framework":"python"}
2026-07-27T19:17:18.996Z CLI info    Should start debug utility: undefined
2026-07-27T19:17:19.000Z CLI info [testhub:module]   [77882806-2282-49a7-99a7-ffaaf8be1229]  Starting testhub from 64499:0
2026-07-27T19:17:19.009Z CLI info   [77882806-2282-49a7-99a7-ffaaf8be1229]  [PRODUCTION] Making POST request to https://sdk.browserstack.com
2026-07-27T19:17:19.012Z CLI info   [77882806-2282-49a7-99a7-ffaaf8be1229]  [PRODUCTION] Making GET request to https://hub.browserstack.com
2026-07-27T19:17:19.428Z CLI info   [77882806-2282-49a7-99a7-ffaaf8be1229]  [PRODUCTION] Making GET request to https://hub-aps.browserstack.com
2026-07-27T19:17:19.430Z CLI info   [77882806-2282-49a7-99a7-ffaaf8be1229]  [PRODUCTION] Making GET request to https://hub-euw.browserstack.com
2026-07-27T19:17:19.432Z CLI info   [77882806-2282-49a7-99a7-ffaaf8be1229]  [PRODUCTION] Making GET request to https://hub-apse.browserstack.com
2026-07-27T19:17:20.008Z CLI info [testhub:module]   [77882806-2282-49a7-99a7-ffaaf8be1229]  startBuild: response=ubvkj4bnjnwjcl5kte9qii061r0gmfhdn1a8fufu
2026-07-27T19:17:20.012Z CLI info  [ubvkj4bnjnwjcl5kte9qii061r0gmfhdn1a8fufu]  [77882806-2282-49a7-99a7-ffaaf8be1229]  [PRODUCTION] Making POST request to https://api.browserstack.com
2026-07-27T19:18:02.427Z CLI info  [ubvkj4bnjnwjcl5kte9qii061r0gmfhdn1a8fufu]  [77882806-2282-49a7-99a7-ffaaf8be1229]  [PRODUCTION] Making GET request to https://api.browserstack.com
2026-07-27T19:18:02.438Z CLI info  [ubvkj4bnjnwjcl5kte9qii061r0gmfhdn1a8fufu]  [77882806-2282-49a7-99a7-ffaaf8be1229]  [PRODUCTION] Making PUT request to https://collector-observability.browserstack.com
2026-07-27T19:18:04.136Z CLI info [testhub:module]  [ubvkj4bnjnwjcl5kte9qii061r0gmfhdn1a8fufu]  [77882806-2282-49a7-99a7-ffaaf8be1229]  stopBuild: ubvkj4bnjnwjcl5kte9qii061r0gmfhdn1a8fufu request={"finished_at":"2026-07-27T19:18:02.426Z","finished_metadata":[],"custom_metadata":null} response={"data":""}
2026-07-27T19:18:04.138Z CLI info  [ubvkj4bnjnwjcl5kte9qii061r0gmfhdn1a8fufu]  [77882806-2282-49a7-99a7-ffaaf8be1229]  [PRODUCTION] Making POST request to https://api.browserstack.com
2026-07-27T19:18:05.425Z CLI info [TEST REPORTING AND ANALYTICS:module]  [ubvkj4bnjnwjcl5kte9qii061r0gmfhdn1a8fufu]  [77882806-2282-49a7-99a7-ffaaf8be1229]  Visit https://automation.browserstack.com/builds/ubvkj4bnjnwjcl5kte9qii061r0gmfhdn1a8fufu to view build report, insights, and many more debugging information all at one place!
2026-07-27T19:18:05.481Z CLI info  [ubvkj4bnjnwjcl5kte9qii061r0gmfhdn1a8fufu]  [77882806-2282-49a7-99a7-ffaaf8be1229]  [PRODUCTION] Making POST request to https://eds.browserstack.com
2026-07-27T19:18:35.446Z CLI info [main]  [ubvkj4bnjnwjcl5kte9qii061r0gmfhdn1a8fufu]  [77882806-2282-49a7-99a7-ffaaf8be1229]  Received graceful signal termination (SIGTERM), performing cleanup
2026-07-27T19:20:49.530Z CLI info    Config : {"userName":"[REDACTED]","accessKey":"[REDACTED]","platforms":[{"os":"Windows","osVersion":"11","browserName":"Chrome","browserVersion":"latest"},{"os":"OS X","osVersion":"Sonoma","browserName":"Safari","browserVersion":"latest"},{"os":"Windows","osVersion":"10","browserName":"Firefox","browserVersion":"latest"},{"deviceName":"iPhone 15","osVersion":"17","browserName":"Safari","deviceOrientation":"portrait"},{"deviceName":"Samsung Galaxy S24","osVersion":"14.0","browserName":"Chrome","deviceOrientation":"portrait"}],"browserstackLocal":false,"buildName":"BrowserStack CE Assignment","projectName":"El Pais Scraper Pipeline","debug":true,"networkLogs":true,"consoleLogs":"info","framework":"python"}
2026-07-27T19:20:49.535Z CLI info    Should start debug utility: undefined
2026-07-27T19:20:49.539Z CLI info [testhub:module]   [cec4fdeb-4131-48ce-9133-47178bb9ebe8]  Starting testhub from 67176:0
2026-07-27T19:20:49.549Z CLI info   [cec4fdeb-4131-48ce-9133-47178bb9ebe8]  [PRODUCTION] Making POST request to https://sdk.browserstack.com
2026-07-27T19:20:49.551Z CLI info   [cec4fdeb-4131-48ce-9133-47178bb9ebe8]  [PRODUCTION] Making GET request to https://hub.browserstack.com
2026-07-27T19:20:49.909Z CLI info   [cec4fdeb-4131-48ce-9133-47178bb9ebe8]  [PRODUCTION] Making GET request to https://hub-aps.browserstack.com
2026-07-27T19:20:49.911Z CLI info   [cec4fdeb-4131-48ce-9133-47178bb9ebe8]  [PRODUCTION] Making GET request to https://hub-euw.browserstack.com
2026-07-27T19:20:49.912Z CLI info   [cec4fdeb-4131-48ce-9133-47178bb9ebe8]  [PRODUCTION] Making GET request to https://hub-apse.browserstack.com
2026-07-27T19:20:50.479Z CLI info [testhub:module]   [cec4fdeb-4131-48ce-9133-47178bb9ebe8]  startBuild: response=ypludnbaxyot2ifcndag0ihq6bbxwfgauyexp7ea
2026-07-27T19:20:50.481Z CLI info  [ypludnbaxyot2ifcndag0ihq6bbxwfgauyexp7ea]  [cec4fdeb-4131-48ce-9133-47178bb9ebe8]  [PRODUCTION] Making POST request to https://api.browserstack.com
2026-07-27T19:20:54.513Z CLI info [testhub:request-queue-handler]  [ypludnbaxyot2ifcndag0ihq6bbxwfgauyexp7ea]  [cec4fdeb-4131-48ce-9133-47178bb9ebe8]  Added the event {
  event_type: 'TestRunStarted',
  test_run: {
    type: 'test',
    framework: 'python-generic',
    uuid: '82623178-5f7b-4105-bab9-f18cfb1d878d',
    name: 'main',
    body: { lang: 'python', code: null },
    identifier: 'main',
    scope: '',
    scopes: [ 'main' ],
    file_name: 'main.py',
    vc_filepath: '',
    location: 'main.py',
    meta: {
      test_framework: 'python-generic',
      manual_integration: true,
      agent_version: 'python-generic-sdk/1.53.4',
      test_type: 'functional',
      source_line: 38
    },
    result: 'pending',
    duration_in_ms: null,
    started_at: '2026-07-27T19:20:54.494Z',
    failure: undefined,
    failure_type: undefined,
    failure_reason: undefined,
    retry_of: null,
    custom_metadata: {},
    tags: [],
    customRerunParam: { rerun_name: 'main.py::main' },
    hooks: [],
    product_map: {
      observability: true,
      accessibility: false,
      percy: false,
      automate: true,
      app_automate: false,
      lts: false
    }
  },
  logs: []
} to 67176:0
2026-07-27T19:20:54.529Z CLI info [testhub:request-queue-handler]  [ypludnbaxyot2ifcndag0ihq6bbxwfgauyexp7ea]  [cec4fdeb-4131-48ce-9133-47178bb9ebe8]  Added the event {
  event_type: 'LogCreated',
  logs: [
    {
      testFrameworkName: 'python-generic',
      testFrameworkVersion: 'python-generic-sdk/1.53.4',
      testFrameworkState: 'INIT_TEST',
      timestamp: '2026-07-27T19:20:52.821Z',
      uuid: '82623178-5f7b-4105-bab9-f18cfb1d878d',
      kind: 'TEST_LOG',
      message: '2026-07-27T19:20:54Z [browserstack_sdk.client][INFO] - TestClient: Stored config for accessibility from SDK CLI (accessibility=False)',
      level: 'INFO',
      test_run_uuid: '82623178-5f7b-4105-bab9-f18cfb1d878d'
    }
  ]
} to 67176:0
2026-07-27T19:20:54.538Z CLI info [testhub:request-queue-handler]  [ypludnbaxyot2ifcndag0ihq6bbxwfgauyexp7ea]  [cec4fdeb-4131-48ce-9133-47178bb9ebe8]  Added the event {
  event_type: 'TestRunStarted',
  test_run: {
    type: 'test',
    framework: 'python-generic',
    uuid: '30a6e8b2-b75d-4794-9464-4f45d798564b',
    name: 'main',
    body: { lang: 'python', code: null },
    identifier: 'main',
    scope: '',
    scopes: [ 'main' ],
    file_name: 'main.py',
    vc_filepath: '',
    location: 'main.py',
    meta: {
      test_framework: 'python-generic',
      manual_integration: true,
      agent_version: 'python-generic-sdk/1.53.4',
      test_type: 'functional',
      source_line: 38
    },
    result: 'pending',
    duration_in_ms: null,
    started_at: '2026-07-27T19:20:54.514Z',
    failure: undefined,
    failure_type: undefined,
    failure_reason: undefined,
    retry_of: null,
    custom_metadata: {},
    tags: [],
    customRerunParam: { rerun_name: 'main.py::main' },
    hooks: [],
    product_map: {
      observability: true,
      accessibility: false,
      percy: false,
      automate: true,
      app_automate: false,
      lts: false
    }
  },
  logs: []
} to 67176:0
2026-07-27T19:20:54.540Z CLI info [testhub:request-queue-handler]  [ypludnbaxyot2ifcndag0ihq6bbxwfgauyexp7ea]  [cec4fdeb-4131-48ce-9133-47178bb9ebe8]  Added the event {
  event_type: 'LogCreated',
  logs: [
    {
      testFrameworkName: 'python-generic',
      testFrameworkVersion: 'python-generic-sdk/1.53.4',
      testFrameworkState: 'INIT_TEST',
      timestamp: '2026-07-27T19:20:52.763Z',
      uuid: '30a6e8b2-b75d-4794-9464-4f45d798564b',
      kind: 'TEST_LOG',
      message: '2026-07-27T19:20:54Z [browserstack_sdk.client][INFO] - TestClient: Stored config for accessibility from SDK CLI (accessibility=False)',
      level: 'INFO',
      test_run_uuid: '30a6e8b2-b75d-4794-9464-4f45d798564b'
    }
  ]
} to 67176:0
2026-07-27T19:20:54.562Z CLI info [testhub:request-queue-handler]  [ypludnbaxyot2ifcndag0ihq6bbxwfgauyexp7ea]  [cec4fdeb-4131-48ce-9133-47178bb9ebe8]  Added the event {
  event_type: 'LogCreated',
  logs: [
    {
      testFrameworkName: 'python-generic',
      testFrameworkVersion: 'python-generic-sdk/1.53.4',
      testFrameworkState: 'INIT_TEST',
      timestamp: '2026-07-27T19:20:52.821Z',
      uuid: '82623178-5f7b-4105-bab9-f18cfb1d878d',
      kind: 'TEST_LOG',
      message: '19:20:54 [INFO] 🚀 Launching El País Scraping Pipeline...',
      level: 'ERROR',
      test_run_uuid: '82623178-5f7b-4105-bab9-f18cfb1d878d'
    }
  ]
} to 67176:0
2026-07-27T19:20:54.569Z CLI info [testhub:request-queue-handler]  [ypludnbaxyot2ifcndag0ihq6bbxwfgauyexp7ea]  [cec4fdeb-4131-48ce-9133-47178bb9ebe8]  Added the event {
  event_type: 'LogCreated',
  logs: [
    {
      testFrameworkName: 'python-generic',
      testFrameworkVersion: 'python-generic-sdk/1.53.4',
      testFrameworkState: 'INIT_TEST',
      timestamp: '2026-07-27T19:20:52.821Z',
      uuid: '82623178-5f7b-4105-bab9-f18cfb1d878d',
      kind: 'TEST_LOG',
      message: '2026-07-27T19:20:54Z [BrowserStack_CE_Pipeline][INFO] - 🚀 Launching El País Scraping Pipeline...',
      level: 'INFO',
      test_run_uuid: '82623178-5f7b-4105-bab9-f18cfb1d878d'
    }
  ]
} to 67176:0
2026-07-27T19:20:54.574Z CLI info [testhub:request-queue-handler]  [ypludnbaxyot2ifcndag0ihq6bbxwfgauyexp7ea]  [cec4fdeb-4131-48ce-9133-47178bb9ebe8]  Added the event {
  event_type: 'LogCreated',
  logs: [
    {
      testFrameworkName: 'python-generic',
      testFrameworkVersion: 'python-generic-sdk/1.53.4',
      testFrameworkState: 'INIT_TEST',
      timestamp: '2026-07-27T19:20:52.821Z',
      uuid: '82623178-5f7b-4105-bab9-f18cfb1d878d',
      kind: 'TEST_LOG',
      message: '19:20:54 [INFO] Initializing WebDriver session via BrowserStack SDK...',
      level: 'ERROR',
      test_run_uuid: '82623178-5f7b-4105-bab9-f18cfb1d878d'
    }
  ]
} to 67176:0
2026-07-27T19:20:54.581Z CLI info [testhub:request-queue-handler]  [ypludnbaxyot2ifcndag0ihq6bbxwfgauyexp7ea]  [cec4fdeb-4131-48ce-9133-47178bb9ebe8]  Added the event {
  event_type: 'LogCreated',
  logs: [
    {
      testFrameworkName: 'python-generic',
      testFrameworkVersion: 'python-generic-sdk/1.53.4',
      testFrameworkState: 'INIT_TEST',
      timestamp: '2026-07-27T19:20:52.821Z',
      uuid: '82623178-5f7b-4105-bab9-f18cfb1d878d',
      kind: 'TEST_LOG',
      message: '2026-07-27T19:20:54Z [BrowserStack_CE_Pipeline][INFO] - Initializing WebDriver session via BrowserStack SDK...',
      level: 'INFO',
      test_run_uuid: '82623178-5f7b-4105-bab9-f18cfb1d878d'
    }
  ]
} to 67176:0
2026-07-27T19:20:54.593Z CLI info [testhub:request-queue-handler]  [ypludnbaxyot2ifcndag0ihq6bbxwfgauyexp7ea]  [cec4fdeb-4131-48ce-9133-47178bb9ebe8]  Added the event {
  event_type: 'LogCreated',
  logs: [
    {
      testFrameworkName: 'python-generic',
      testFrameworkVersion: 'python-generic-sdk/1.53.4',
      testFrameworkState: 'INIT_TEST',
      timestamp: '2026-07-27T19:20:52.763Z',
      uuid: '30a6e8b2-b75d-4794-9464-4f45d798564b',
      kind: 'TEST_LOG',
      message: '19:20:54 [INFO] 🚀 Launching El País Scraping Pipeline...',
      level: 'ERROR',
      test_run_uuid: '30a6e8b2-b75d-4794-9464-4f45d798564b'
    }
  ]
} to 67176:0
2026-07-27T19:20:54.596Z CLI info [testhub:request-queue-handler]  [ypludnbaxyot2ifcndag0ihq6bbxwfgauyexp7ea]  [cec4fdeb-4131-48ce-9133-47178bb9ebe8]  Added the event {
  event_type: 'LogCreated',
  logs: [
    {
      testFrameworkName: 'python-generic',
      testFrameworkVersion: 'python-generic-sdk/1.53.4',
      testFrameworkState: 'INIT_TEST',
      timestamp: '2026-07-27T19:20:52.763Z',
      uuid: '30a6e8b2-b75d-4794-9464-4f45d798564b',
      kind: 'TEST_LOG',
      message: '2026-07-27T19:20:54Z [BrowserStack_CE_Pipeline][INFO] - 🚀 Launching El País Scraping Pipeline...',
      level: 'INFO',
      test_run_uuid: '30a6e8b2-b75d-4794-9464-4f45d798564b'
    }
  ]
} to 67176:0
2026-07-27T19:20:54.599Z CLI info [testhub:request-queue-handler]  [ypludnbaxyot2ifcndag0ihq6bbxwfgauyexp7ea]  [cec4fdeb-4131-48ce-9133-47178bb9ebe8]  Added the event {
  event_type: 'LogCreated',
  logs: [
    {
      testFrameworkName: 'python-generic',
      testFrameworkVersion: 'python-generic-sdk/1.53.4',
      testFrameworkState: 'INIT_TEST',
      timestamp: '2026-07-27T19:20:52.763Z',
      uuid: '30a6e8b2-b75d-4794-9464-4f45d798564b',
      kind: 'TEST_LOG',
      message: '19:20:54 [INFO] Initializing WebDriver session via BrowserStack SDK...',
      level: 'ERROR',
      test_run_uuid: '30a6e8b2-b75d-4794-9464-4f45d798564b'
    }
  ]
} to 67176:0
2026-07-27T19:20:54.601Z CLI info [testhub:request-queue-handler]  [ypludnbaxyot2ifcndag0ihq6bbxwfgauyexp7ea]  [cec4fdeb-4131-48ce-9133-47178bb9ebe8]  Added the event {
  event_type: 'LogCreated',
  logs: [
    {
      testFrameworkName: 'python-generic',
      testFrameworkVersion: 'python-generic-sdk/1.53.4',
      testFrameworkState: 'INIT_TEST',
      timestamp: '2026-07-27T19:20:52.763Z',
      uuid: '30a6e8b2-b75d-4794-9464-4f45d798564b',
      kind: 'TEST_LOG',
      message: '2026-07-27T19:20:54Z [BrowserStack_CE_Pipeline][INFO] - Initializing WebDriver session via BrowserStack SDK...',
      level: 'INFO',
      test_run_uuid: '30a6e8b2-b75d-4794-9464-4f45d798564b'
    }
  ]
} to 67176:0
2026-07-27T19:20:54.688Z CLI info [testhub:request-queue-handler]  [ypludnbaxyot2ifcndag0ihq6bbxwfgauyexp7ea]  [cec4fdeb-4131-48ce-9133-47178bb9ebe8]  Added the event {
  event_type: 'LogCreated',
  logs: [
    {
      testFrameworkName: 'python-generic',
      testFrameworkVersion: 'python-generic-sdk/1.53.4',
      testFrameworkState: 'INIT_TEST',
      timestamp: '2026-07-27T19:20:52.763Z',
      uuid: '30a6e8b2-b75d-4794-9464-4f45d798564b',
      kind: 'TEST_LOG',
      message: '19:20:54 [INFO] Completed setup!',
      level: 'ERROR',
      test_run_uuid: '30a6e8b2-b75d-4794-9464-4f45d798564b'
    }
  ]
} to 67176:0
2026-07-27T19:20:54.691Z CLI info [testhub:request-queue-handler]  [ypludnbaxyot2ifcndag0ihq6bbxwfgauyexp7ea]  [cec4fdeb-4131-48ce-9133-47178bb9ebe8]  Added the event {
  event_type: 'LogCreated',
  logs: [
    {
      testFrameworkName: 'python-generic',
      testFrameworkVersion: 'python-generic-sdk/1.53.4',
      testFrameworkState: 'INIT_TEST',
      timestamp: '2026-07-27T19:20:52.763Z',
      uuid: '30a6e8b2-b75d-4794-9464-4f45d798564b',
      kind: 'TEST_LOG',
      message: '2026-07-27T19:20:54Z [BrowserStack_CE_Pipeline][INFO] - Completed setup!',
      level: 'INFO',
      test_run_uuid: '30a6e8b2-b75d-4794-9464-4f45d798564b'
    }
  ]
} to 67176:0
2026-07-27T19:20:54.693Z CLI info [testhub:request-queue-handler]  [ypludnbaxyot2ifcndag0ihq6bbxwfgauyexp7ea]  [cec4fdeb-4131-48ce-9133-47178bb9ebe8]  Added the event {
  event_type: 'LogCreated',
  logs: [
    {
      testFrameworkName: 'python-generic',
      testFrameworkVersion: 'python-generic-sdk/1.53.4',
      testFrameworkState: 'INIT_TEST',
      timestamp: '2026-07-27T19:20:52.821Z',
      uuid: '82623178-5f7b-4105-bab9-f18cfb1d878d',
      kind: 'TEST_LOG',
      message: '19:20:54 [INFO] Completed setup!',
      level: 'ERROR',
      test_run_uuid: '82623178-5f7b-4105-bab9-f18cfb1d878d'
    }
  ]
} to 67176:0
2026-07-27T19:20:54.695Z CLI info [testhub:request-queue-handler]  [ypludnbaxyot2ifcndag0ihq6bbxwfgauyexp7ea]  [cec4fdeb-4131-48ce-9133-47178bb9ebe8]  Added the event {
  event_type: 'LogCreated',
  logs: [
    {
      testFrameworkName: 'python-generic',
      testFrameworkVersion: 'python-generic-sdk/1.53.4',
      testFrameworkState: 'INIT_TEST',
      timestamp: '2026-07-27T19:20:52.821Z',
      uuid: '82623178-5f7b-4105-bab9-f18cfb1d878d',
      kind: 'TEST_LOG',
      message: '2026-07-27T19:20:54Z [BrowserStack_CE_Pipeline][INFO] - Completed setup!',
      level: 'INFO',
      test_run_uuid: '82623178-5f7b-4105-bab9-f18cfb1d878d'
    }
  ]
} to 67176:0
2026-07-27T19:20:54.715Z CLI info [testhub:request-queue-handler]  [ypludnbaxyot2ifcndag0ihq6bbxwfgauyexp7ea]  [cec4fdeb-4131-48ce-9133-47178bb9ebe8]  Added the event {
  event_type: 'TestRunStarted',
  test_run: {
    type: 'test',
    framework: 'python-generic',
    uuid: '1bf4b18a-599b-4fcf-be12-2e9d47b9e23e',
    name: 'main',
    body: { lang: 'python', code: null },
    identifier: 'main',
    scope: '',
    scopes: [ 'main' ],
    file_name: 'main.py',
    vc_filepath: '',
    location: 'main.py',
    meta: {
      test_framework: 'python-generic',
      manual_integration: true,
      agent_version: 'python-generic-sdk/1.53.4',
      test_type: 'functional',
      source_line: 38
    },
    result: 'pending',
    duration_in_ms: null,
    started_at: '2026-07-27T19:20:54.700Z',
    failure: undefined,
    failure_type: undefined,
    failure_reason: undefined,
    retry_of: null,
    custom_metadata: {},
    tags: [],
    customRerunParam: { rerun_name: 'main.py::main' },
    hooks: [],
    product_map: {
      observability: true,
      accessibility: false,
      percy: false,
      automate: true,
      app_automate: false,
      lts: false
    }
  },
  logs: []
} to 67176:0
2026-07-27T19:20:54.717Z CLI info [testhub:request-queue-handler]  [ypludnbaxyot2ifcndag0ihq6bbxwfgauyexp7ea]  [cec4fdeb-4131-48ce-9133-47178bb9ebe8]  Added the event {
  event_type: 'LogCreated',
  logs: [
    {
      testFrameworkName: 'python-generic',
      testFrameworkVersion: 'python-generic-sdk/1.53.4',
      testFrameworkState: 'INIT_TEST',
      timestamp: '2026-07-27T19:20:52.784Z',
      uuid: '1bf4b18a-599b-4fcf-be12-2e9d47b9e23e',
      kind: 'TEST_LOG',
      message: '2026-07-27T19:20:54Z [browserstack_sdk.client][INFO] - TestClient: Stored config for accessibility from SDK CLI (accessibility=False)',
      level: 'INFO',
      test_run_uuid: '1bf4b18a-599b-4fcf-be12-2e9d47b9e23e'
    }
  ]
} to 67176:0
2026-07-27T19:20:54.798Z CLI info [testhub:request-queue-handler]  [ypludnbaxyot2ifcndag0ihq6bbxwfgauyexp7ea]  [cec4fdeb-4131-48ce-9133-47178bb9ebe8]  Added the event {
  event_type: 'LogCreated',
  logs: [
    {
      testFrameworkName: 'python-generic',
      testFrameworkVersion: 'python-generic-sdk/1.53.4',
      testFrameworkState: 'INIT_TEST',
      timestamp: '2026-07-27T19:20:52.784Z',
      uuid: '1bf4b18a-599b-4fcf-be12-2e9d47b9e23e',
      kind: 'TEST_LOG',
      message: '19:20:54 [INFO] 🚀 Launching El País Scraping Pipeline...',
      level: 'ERROR',
      test_run_uuid: '1bf4b18a-599b-4fcf-be12-2e9d47b9e23e'
    }
  ]
} to 67176:0
2026-07-27T19:20:54.803Z CLI info [testhub:request-queue-handler]  [ypludnbaxyot2ifcndag0ihq6bbxwfgauyexp7ea]  [cec4fdeb-4131-48ce-9133-47178bb9ebe8]  Added the event {
  event_type: 'LogCreated',
  logs: [
    {
      testFrameworkName: 'python-generic',
      testFrameworkVersion: 'python-generic-sdk/1.53.4',
      testFrameworkState: 'INIT_TEST',
      timestamp: '2026-07-27T19:20:52.784Z',
      uuid: '1bf4b18a-599b-4fcf-be12-2e9d47b9e23e',
      kind: 'TEST_LOG',
      message: '2026-07-27T19:20:54Z [BrowserStack_CE_Pipeline][INFO] - 🚀 Launching El País Scraping Pipeline...',
      level: 'INFO',
      test_run_uuid: '1bf4b18a-599b-4fcf-be12-2e9d47b9e23e'
    }
  ]
} to 67176:0
2026-07-27T19:20:54.804Z CLI info [testhub:request-queue-handler]  [ypludnbaxyot2ifcndag0ihq6bbxwfgauyexp7ea]  [cec4fdeb-4131-48ce-9133-47178bb9ebe8]  Added the event {
  event_type: 'LogCreated',
  logs: [
    {
      testFrameworkName: 'python-generic',
      testFrameworkVersion: 'python-generic-sdk/1.53.4',
      testFrameworkState: 'INIT_TEST',
      timestamp: '2026-07-27T19:20:52.784Z',
      uuid: '1bf4b18a-599b-4fcf-be12-2e9d47b9e23e',
      kind: 'TEST_LOG',
      message: '19:20:54 [INFO] Initializing WebDriver session via BrowserStack SDK...',
      level: 'ERROR',
      test_run_uuid: '1bf4b18a-599b-4fcf-be12-2e9d47b9e23e'
    }
  ]
} to 67176:0
2026-07-27T19:20:54.806Z CLI info [testhub:request-queue-handler]  [ypludnbaxyot2ifcndag0ihq6bbxwfgauyexp7ea]  [cec4fdeb-4131-48ce-9133-47178bb9ebe8]  Added the event {
  event_type: 'LogCreated',
  logs: [
    {
      testFrameworkName: 'python-generic',
      testFrameworkVersion: 'python-generic-sdk/1.53.4',
      testFrameworkState: 'INIT_TEST',
      timestamp: '2026-07-27T19:20:52.784Z',
      uuid: '1bf4b18a-599b-4fcf-be12-2e9d47b9e23e',
      kind: 'TEST_LOG',
      message: '2026-07-27T19:20:54Z [BrowserStack_CE_Pipeline][INFO] - Initializing WebDriver session via BrowserStack SDK...',
      level: 'INFO',
      test_run_uuid: '1bf4b18a-599b-4fcf-be12-2e9d47b9e23e'
    }
  ]
} to 67176:0
2026-07-27T19:20:54.809Z CLI info [testhub:request-queue-handler]  [ypludnbaxyot2ifcndag0ihq6bbxwfgauyexp7ea]  [cec4fdeb-4131-48ce-9133-47178bb9ebe8]  Added the event {
  event_type: 'TestRunStarted',
  test_run: {
    type: 'test',
    framework: 'python-generic',
    uuid: '10e57b71-8a6f-495e-8b1d-996a48a9c47f',
    name: 'main',
    body: { lang: 'python', code: null },
    identifier: 'main',
    scope: '',
    scopes: [ 'main' ],
    file_name: 'main.py',
    vc_filepath: '',
    location: 'main.py',
    meta: {
      test_framework: 'python-generic',
      manual_integration: true,
      agent_version: 'python-generic-sdk/1.53.4',
      test_type: 'functional',
      source_line: 38
    },
    result: 'pending',
    duration_in_ms: null,
    started_at: '2026-07-27T19:20:54.793Z',
    failure: undefined,
    failure_type: undefined,
    failure_reason: undefined,
    retry_of: null,
    custom_metadata: {},
    tags: [],
    customRerunParam: { rerun_name: 'main.py::main' },
    hooks: [],
    product_map: {
      observability: true,
      accessibility: false,
      percy: false,
      automate: true,
      app_automate: false,
      lts: false
    }
  },
  logs: []
} to 67176:0
2026-07-27T19:20:54.810Z CLI info [testhub:request-queue-handler]  [ypludnbaxyot2ifcndag0ihq6bbxwfgauyexp7ea]  [cec4fdeb-4131-48ce-9133-47178bb9ebe8]  Added the event {
  event_type: 'LogCreated',
  logs: [
    {
      testFrameworkName: 'python-generic',
      testFrameworkVersion: 'python-generic-sdk/1.53.4',
      testFrameworkState: 'INIT_TEST',
      timestamp: '2026-07-27T19:20:52.926Z',
      uuid: '10e57b71-8a6f-495e-8b1d-996a48a9c47f',
      kind: 'TEST_LOG',
      message: '2026-07-27T19:20:54Z [browserstack_sdk.client][INFO] - TestClient: Stored config for accessibility from SDK CLI (accessibility=False)',
      level: 'INFO',
      test_run_uuid: '10e57b71-8a6f-495e-8b1d-996a48a9c47f'
    }
  ]
} to 67176:0
2026-07-27T19:20:54.947Z CLI info [testhub:request-queue-handler]  [ypludnbaxyot2ifcndag0ihq6bbxwfgauyexp7ea]  [cec4fdeb-4131-48ce-9133-47178bb9ebe8]  Added the event {
  event_type: 'LogCreated',
  logs: [
    {
      testFrameworkName: 'python-generic',
      testFrameworkVersion: 'python-generic-sdk/1.53.4',
      testFrameworkState: 'INIT_TEST',
      timestamp: '2026-07-27T19:20:52.926Z',
      uuid: '10e57b71-8a6f-495e-8b1d-996a48a9c47f',
      kind: 'TEST_LOG',
      message: '19:20:54 [INFO] 🚀 Launching El País Scraping Pipeline...',
      level: 'ERROR',
      test_run_uuid: '10e57b71-8a6f-495e-8b1d-996a48a9c47f'
    }
  ]
} to 67176:0
2026-07-27T19:20:54.956Z CLI info [testhub:request-queue-handler]  [ypludnbaxyot2ifcndag0ihq6bbxwfgauyexp7ea]  [cec4fdeb-4131-48ce-9133-47178bb9ebe8]  Added the event {
  event_type: 'LogCreated',
  logs: [
    {
      testFrameworkName: 'python-generic',
      testFrameworkVersion: 'python-generic-sdk/1.53.4',
      testFrameworkState: 'INIT_TEST',
      timestamp: '2026-07-27T19:20:52.926Z',
      uuid: '10e57b71-8a6f-495e-8b1d-996a48a9c47f',
      kind: 'TEST_LOG',
      message: '2026-07-27T19:20:54Z [BrowserStack_CE_Pipeline][INFO] - 🚀 Launching El País Scraping Pipeline...',
      level: 'INFO',
      test_run_uuid: '10e57b71-8a6f-495e-8b1d-996a48a9c47f'
    }
  ]
} to 67176:0
2026-07-27T19:20:54.957Z CLI info [testhub:request-queue-handler]  [ypludnbaxyot2ifcndag0ihq6bbxwfgauyexp7ea]  [cec4fdeb-4131-48ce-9133-47178bb9ebe8]  Added the event {
  event_type: 'LogCreated',
  logs: [
    {
      testFrameworkName: 'python-generic',
      testFrameworkVersion: 'python-generic-sdk/1.53.4',
      testFrameworkState: 'INIT_TEST',
      timestamp: '2026-07-27T19:20:52.926Z',
      uuid: '10e57b71-8a6f-495e-8b1d-996a48a9c47f',
      kind: 'TEST_LOG',
      message: '19:20:54 [INFO] Initializing WebDriver session via BrowserStack SDK...',
      level: 'ERROR',
      test_run_uuid: '10e57b71-8a6f-495e-8b1d-996a48a9c47f'
    }
  ]
} to 67176:0
2026-07-27T19:20:55.075Z CLI info [testhub:request-queue-handler]  [ypludnbaxyot2ifcndag0ihq6bbxwfgauyexp7ea]  [cec4fdeb-4131-48ce-9133-47178bb9ebe8]  Added the event {
  event_type: 'LogCreated',
  logs: [
    {
      testFrameworkName: 'python-generic',
      testFrameworkVersion: 'python-generic-sdk/1.53.4',
      testFrameworkState: 'INIT_TEST',
      timestamp: '2026-07-27T19:20:52.926Z',
      uuid: '10e57b71-8a6f-495e-8b1d-996a48a9c47f',
      kind: 'TEST_LOG',
      message: '2026-07-27T19:20:54Z [BrowserStack_CE_Pipeline][INFO] - Initializing WebDriver session via BrowserStack SDK...',
      level: 'INFO',
      test_run_uuid: '10e57b71-8a6f-495e-8b1d-996a48a9c47f'
    }
  ]
} to 67176:0
2026-07-27T19:20:55.089Z CLI info [testhub:request-queue-handler]  [ypludnbaxyot2ifcndag0ihq6bbxwfgauyexp7ea]  [cec4fdeb-4131-48ce-9133-47178bb9ebe8]  Added the event {
  event_type: 'TestRunStarted',
  test_run: {
    type: 'test',
    framework: 'python-generic',
    uuid: '0f6a8a62-c652-407e-841c-862fce9c2602',
    name: 'main',
    body: { lang: 'python', code: null },
    identifier: 'main',
    scope: '',
    scopes: [ 'main' ],
    file_name: 'main.py',
    vc_filepath: '',
    location: 'main.py',
    meta: {
      test_framework: 'python-generic',
      manual_integration: true,
      agent_version: 'python-generic-sdk/1.53.4',
      test_type: 'functional',
      source_line: 38
    },
    result: 'pending',
    duration_in_ms: null,
    started_at: '2026-07-27T19:20:55.044Z',
    failure: undefined,
    failure_type: undefined,
    failure_reason: undefined,
    retry_of: null,
    custom_metadata: {},
    tags: [],
    customRerunParam: { rerun_name: 'main.py::main' },
    hooks: [],
    product_map: {
      observability: true,
      accessibility: false,
      percy: false,
      automate: true,
      app_automate: false,
      lts: false
    }
  },
  logs: []
} to 67176:0
2026-07-27T19:20:55.093Z CLI info [testhub:request-queue-handler]  [ypludnbaxyot2ifcndag0ihq6bbxwfgauyexp7ea]  [cec4fdeb-4131-48ce-9133-47178bb9ebe8]  Added the event {
  event_type: 'LogCreated',
  logs: [
    {
      testFrameworkName: 'python-generic',
      testFrameworkVersion: 'python-generic-sdk/1.53.4',
      testFrameworkState: 'INIT_TEST',
      timestamp: '2026-07-27T19:20:52.994Z',
      uuid: '0f6a8a62-c652-407e-841c-862fce9c2602',
      kind: 'TEST_LOG',
      message: '2026-07-27T19:20:55Z [browserstack_sdk.client][INFO] - TestClient: Stored config for accessibility from SDK CLI (accessibility=False)',
      level: 'INFO',
      test_run_uuid: '0f6a8a62-c652-407e-841c-862fce9c2602'
    }
  ]
} to 67176:0
2026-07-27T19:20:55.192Z CLI info [testhub:request-queue-handler]  [ypludnbaxyot2ifcndag0ihq6bbxwfgauyexp7ea]  [cec4fdeb-4131-48ce-9133-47178bb9ebe8]  Added the event {
  event_type: 'LogCreated',
  logs: [
    {
      testFrameworkName: 'python-generic',
      testFrameworkVersion: 'python-generic-sdk/1.53.4',
      testFrameworkState: 'INIT_TEST',
      timestamp: '2026-07-27T19:20:52.994Z',
      uuid: '0f6a8a62-c652-407e-841c-862fce9c2602',
      kind: 'TEST_LOG',
      message: '19:20:55 [INFO] 🚀 Launching El País Scraping Pipeline...',
      level: 'ERROR',
      test_run_uuid: '0f6a8a62-c652-407e-841c-862fce9c2602'
    }
  ]
} to 67176:0
2026-07-27T19:20:55.207Z CLI info [testhub:request-queue-handler]  [ypludnbaxyot2ifcndag0ihq6bbxwfgauyexp7ea]  [cec4fdeb-4131-48ce-9133-47178bb9ebe8]  Added the event {
  event_type: 'LogCreated',
  logs: [
    {
      testFrameworkName: 'python-generic',
      testFrameworkVersion: 'python-generic-sdk/1.53.4',
      testFrameworkState: 'INIT_TEST',
      timestamp: '2026-07-27T19:20:52.994Z',
      uuid: '0f6a8a62-c652-407e-841c-862fce9c2602',
      kind: 'TEST_LOG',
      message: '2026-07-27T19:20:55Z [BrowserStack_CE_Pipeline][INFO] - 🚀 Launching El País Scraping Pipeline...',
      level: 'INFO',
      test_run_uuid: '0f6a8a62-c652-407e-841c-862fce9c2602'
    }
  ]
} to 67176:0
2026-07-27T19:20:55.208Z CLI info [testhub:request-queue-handler]  [ypludnbaxyot2ifcndag0ihq6bbxwfgauyexp7ea]  [cec4fdeb-4131-48ce-9133-47178bb9ebe8]  Added the event {
  event_type: 'LogCreated',
  logs: [
    {
      testFrameworkName: 'python-generic',
      testFrameworkVersion: 'python-generic-sdk/1.53.4',
      testFrameworkState: 'INIT_TEST',
      timestamp: '2026-07-27T19:20:52.994Z',
      uuid: '0f6a8a62-c652-407e-841c-862fce9c2602',
      kind: 'TEST_LOG',
      message: '19:20:55 [INFO] Initializing WebDriver session via BrowserStack SDK...',
      level: 'ERROR',
      test_run_uuid: '0f6a8a62-c652-407e-841c-862fce9c2602'
    }
  ]
} to 67176:0
2026-07-27T19:20:55.211Z CLI info [testhub:request-queue-handler]  [ypludnbaxyot2ifcndag0ihq6bbxwfgauyexp7ea]  [cec4fdeb-4131-48ce-9133-47178bb9ebe8]  Added the event {
  event_type: 'LogCreated',
  logs: [
    {
      testFrameworkName: 'python-generic',
      testFrameworkVersion: 'python-generic-sdk/1.53.4',
      testFrameworkState: 'INIT_TEST',
      timestamp: '2026-07-27T19:20:52.994Z',
      uuid: '0f6a8a62-c652-407e-841c-862fce9c2602',
      kind: 'TEST_LOG',
      message: '2026-07-27T19:20:55Z [BrowserStack_CE_Pipeline][INFO] - Initializing WebDriver session via BrowserStack SDK...',
      level: 'INFO',
      test_run_uuid: '0f6a8a62-c652-407e-841c-862fce9c2602'
    }
  ]
} to 67176:0
2026-07-27T19:20:55.304Z CLI info [testhub:request-queue-handler]  [ypludnbaxyot2ifcndag0ihq6bbxwfgauyexp7ea]  [cec4fdeb-4131-48ce-9133-47178bb9ebe8]  Added the event {
  event_type: 'LogCreated',
  logs: [
    {
      testFrameworkName: 'python-generic',
      testFrameworkVersion: 'python-generic-sdk/1.53.4',
      testFrameworkState: 'INIT_TEST',
      timestamp: '2026-07-27T19:20:52.784Z',
      uuid: '1bf4b18a-599b-4fcf-be12-2e9d47b9e23e',
      kind: 'TEST_LOG',
      message: '19:20:55 [INFO] Completed setup!',
      level: 'ERROR',
      test_run_uuid: '1bf4b18a-599b-4fcf-be12-2e9d47b9e23e'
    }
  ]
} to 67176:0
2026-07-27T19:20:55.306Z CLI info [testhub:request-queue-handler]  [ypludnbaxyot2ifcndag0ihq6bbxwfgauyexp7ea]  [cec4fdeb-4131-48ce-9133-47178bb9ebe8]  Added the event {
  event_type: 'LogCreated',
  logs: [
    {
      testFrameworkName: 'python-generic',
      testFrameworkVersion: 'python-generic-sdk/1.53.4',
      testFrameworkState: 'INIT_TEST',
      timestamp: '2026-07-27T19:20:52.784Z',
      uuid: '1bf4b18a-599b-4fcf-be12-2e9d47b9e23e',
      kind: 'TEST_LOG',
      message: '2026-07-27T19:20:55Z [BrowserStack_CE_Pipeline][INFO] - Completed setup!',
      level: 'INFO',
      test_run_uuid: '1bf4b18a-599b-4fcf-be12-2e9d47b9e23e'
    }
  ]
} to 67176:0
2026-07-27T19:20:55.408Z CLI info [testhub:request-queue-handler]  [ypludnbaxyot2ifcndag0ihq6bbxwfgauyexp7ea]  [cec4fdeb-4131-48ce-9133-47178bb9ebe8]  Added the event {
  event_type: 'LogCreated',
  logs: [
    {
      testFrameworkName: 'python-generic',
      testFrameworkVersion: 'python-generic-sdk/1.53.4',
      testFrameworkState: 'INIT_TEST',
      timestamp: '2026-07-27T19:20:52.926Z',
      uuid: '10e57b71-8a6f-495e-8b1d-996a48a9c47f',
      kind: 'TEST_LOG',
      message: '19:20:55 [INFO] Completed setup!',
      level: 'ERROR',
      test_run_uuid: '10e57b71-8a6f-495e-8b1d-996a48a9c47f'
    }
  ]
} to 67176:0
2026-07-27T19:20:55.413Z CLI info [testhub:request-queue-handler]  [ypludnbaxyot2ifcndag0ihq6bbxwfgauyexp7ea]  [cec4fdeb-4131-48ce-9133-47178bb9ebe8]  Added the event {
  event_type: 'LogCreated',
  logs: [
    {
      testFrameworkName: 'python-generic',
      testFrameworkVersion: 'python-generic-sdk/1.53.4',
      testFrameworkState: 'INIT_TEST',
      timestamp: '2026-07-27T19:20:52.926Z',
      uuid: '10e57b71-8a6f-495e-8b1d-996a48a9c47f',
      kind: 'TEST_LOG',
      message: '2026-07-27T19:20:55Z [BrowserStack_CE_Pipeline][INFO] - Completed setup!',
      level: 'INFO',
      test_run_uuid: '10e57b71-8a6f-495e-8b1d-996a48a9c47f'
    }
  ]
} to 67176:0
2026-07-27T19:20:55.417Z CLI info [testhub:request-queue-handler]  [ypludnbaxyot2ifcndag0ihq6bbxwfgauyexp7ea]  [cec4fdeb-4131-48ce-9133-47178bb9ebe8]  Added the event {
  event_type: 'LogCreated',
  logs: [
    {
      testFrameworkName: 'python-generic',
      testFrameworkVersion: 'python-generic-sdk/1.53.4',
      testFrameworkState: 'INIT_TEST',
      timestamp: '2026-07-27T19:20:52.994Z',
      uuid: '0f6a8a62-c652-407e-841c-862fce9c2602',
      kind: 'TEST_LOG',
      message: '19:20:55 [INFO] Completed setup!',
      level: 'ERROR',
      test_run_uuid: '0f6a8a62-c652-407e-841c-862fce9c2602'
    }
  ]
} to 67176:0
2026-07-27T19:20:55.419Z CLI info [testhub:request-queue-handler]  [ypludnbaxyot2ifcndag0ihq6bbxwfgauyexp7ea]  [cec4fdeb-4131-48ce-9133-47178bb9ebe8]  Added the event {
  event_type: 'LogCreated',
  logs: [
    {
      testFrameworkName: 'python-generic',
      testFrameworkVersion: 'python-generic-sdk/1.53.4',
      testFrameworkState: 'INIT_TEST',
      timestamp: '2026-07-27T19:20:52.994Z',
      uuid: '0f6a8a62-c652-407e-841c-862fce9c2602',
      kind: 'TEST_LOG',
      message: '2026-07-27T19:20:55Z [BrowserStack_CE_Pipeline][INFO] - Completed setup!',
      level: 'INFO',
      test_run_uuid: '0f6a8a62-c652-407e-841c-862fce9c2602'
    }
  ]
} to 67176:0
2026-07-27T19:20:56.484Z CLI info [testhub:request-queue-handler]  [ypludnbaxyot2ifcndag0ihq6bbxwfgauyexp7ea]  [cec4fdeb-4131-48ce-9133-47178bb9ebe8]  Processing batch event [
  {
    event_type: 'TestRunStarted',
    test_run: {
      type: 'test',
      framework: 'python-generic',
      uuid: '82623178-5f7b-4105-bab9-f18cfb1d878d',
      name: 'main',
      body: { lang: 'python', code: null },
      identifier: 'main',
      scope: '',
      scopes: [ 'main' ],
      file_name: 'main.py',
      vc_filepath: '',
      location: 'main.py',
      meta: {
        test_framework: 'python-generic',
        manual_integration: true,
        agent_version: 'python-generic-sdk/1.53.4',
        test_type: 'functional',
        source_line: 38
      },
      result: 'pending',
      duration_in_ms: null,
      started_at: '2026-07-27T19:20:54.494Z',
      failure: undefined,
      failure_type: undefined,
      failure_reason: undefined,
      retry_of: null,
      custom_metadata: {},
      tags: [],
      customRerunParam: { rerun_name: 'main.py::main' },
      hooks: [],
      product_map: {
        observability: true,
        accessibility: false,
        percy: false,
        automate: true,
        app_automate: false,
        lts: false
      }
    },
    logs: []
  },
  {
    event_type: 'LogCreated',
    logs: [
      {
        testFrameworkName: 'python-generic',
        testFrameworkVersion: 'python-generic-sdk/1.53.4',
        testFrameworkState: 'INIT_TEST',
        timestamp: '2026-07-27T19:20:52.821Z',
        uuid: '82623178-5f7b-4105-bab9-f18cfb1d878d',
        kind: 'TEST_LOG',
        message: '2026-07-27T19:20:54Z [browserstack_sdk.client][INFO] - TestClient: Stored config for accessibility from SDK CLI (accessibility=False)',
        level: 'INFO',
        test_run_uuid: '82623178-5f7b-4105-bab9-f18cfb1d878d'
      }
    ]
  },
  {
    event_type: 'TestRunStarted',
    test_run: {
      type: 'test',
      framework: 'python-generic',
      uuid: '30a6e8b2-b75d-4794-9464-4f45d798564b',
      name: 'main',
      body: { lang: 'python', code: null },
      identifier: 'main',
      scope: '',
      scopes: [ 'main' ],
      file_name: 'main.py',
      vc_filepath: '',
      location: 'main.py',
      meta: {
        test_framework: 'python-generic',
        manual_integration: true,
        agent_version: 'python-generic-sdk/1.53.4',
        test_type: 'functional',
        source_line: 38
      },
      result: 'pending',
      duration_in_ms: null,
      started_at: '2026-07-27T19:20:54.514Z',
      failure: undefined,
      failure_type: undefined,
      failure_reason: undefined,
      retry_of: null,
      custom_metadata: {},
      tags: [],
      customRerunParam: { rerun_name: 'main.py::main' },
      hooks: [],
      product_map: {
        observability: true,
        accessibility: false,
        percy: false,
        automate: true,
        app_automate: false,
        lts: false
      }
    },
    logs: []
  },
  {
    event_type: 'LogCreated',
    logs: [
      {
        testFrameworkName: 'python-generic',
        testFrameworkVersion: 'python-generic-sdk/1.53.4',
        testFrameworkState: 'INIT_TEST',
        timestamp: '2026-07-27T19:20:52.763Z',
        uuid: '30a6e8b2-b75d-4794-9464-4f45d798564b',
        kind: 'TEST_LOG',
        message: '2026-07-27T19:20:54Z [browserstack_sdk.client][INFO] - TestClient: Stored config for accessibility from SDK CLI (accessibility=False)',
        level: 'INFO',
        test_run_uuid: '30a6e8b2-b75d-4794-9464-4f45d798564b'
      }
    ]
  },
  {
    event_type: 'LogCreated',
    logs: [
      {
        testFrameworkName: 'python-generic',
        testFrameworkVersion: 'python-generic-sdk/1.53.4',
        testFrameworkState: 'INIT_TEST',
        timestamp: '2026-07-27T19:20:52.821Z',
        uuid: '82623178-5f7b-4105-bab9-f18cfb1d878d',
        kind: 'TEST_LOG',
        message: '19:20:54 [INFO] 🚀 Launching El País Scraping Pipeline...',
        level: 'ERROR',
        test_run_uuid: '82623178-5f7b-4105-bab9-f18cfb1d878d'
      }
    ]
  },
  {
    event_type: 'LogCreated',
    logs: [
      {
        testFrameworkName: 'python-generic',
        testFrameworkVersion: 'python-generic-sdk/1.53.4',
        testFrameworkState: 'INIT_TEST',
        timestamp: '2026-07-27T19:20:52.821Z',
        uuid: '82623178-5f7b-4105-bab9-f18cfb1d878d',
        kind: 'TEST_LOG',
        message: '2026-07-27T19:20:54Z [BrowserStack_CE_Pipeline][INFO] - 🚀 Launching El País Scraping Pipeline...',
        level: 'INFO',
        test_run_uuid: '82623178-5f7b-4105-bab9-f18cfb1d878d'
      }
    ]
  },
  {
    event_type: 'LogCreated',
    logs: [
      {
        testFrameworkName: 'python-generic',
        testFrameworkVersion: 'python-generic-sdk/1.53.4',
        testFrameworkState: 'INIT_TEST',
        timestamp: '2026-07-27T19:20:52.821Z',
        uuid: '82623178-5f7b-4105-bab9-f18cfb1d878d',
        kind: 'TEST_LOG',
        message: '19:20:54 [INFO] Initializing WebDriver session via BrowserStack SDK...',
        level: 'ERROR',
        test_run_uuid: '82623178-5f7b-4105-bab9-f18cfb1d878d'
      }
    ]
  },
  {
    event_type: 'LogCreated',
    logs: [
      {
        testFrameworkName: 'python-generic',
        testFrameworkVersion: 'python-generic-sdk/1.53.4',
        testFrameworkState: 'INIT_TEST',
        timestamp: '2026-07-27T19:20:52.821Z',
        uuid: '82623178-5f7b-4105-bab9-f18cfb1d878d',
        kind: 'TEST_LOG',
        message: '2026-07-27T19:20:54Z [BrowserStack_CE_Pipeline][INFO] - Initializing WebDriver session via BrowserStack SDK...',
        level: 'INFO',
        test_run_uuid: '82623178-5f7b-4105-bab9-f18cfb1d878d'
      }
    ]
  },
  {
    event_type: 'LogCreated',
    logs: [
      {
        testFrameworkName: 'python-generic',
        testFrameworkVersion: 'python-generic-sdk/1.53.4',
        testFrameworkState: 'INIT_TEST',
        timestamp: '2026-07-27T19:20:52.763Z',
        uuid: '30a6e8b2-b75d-4794-9464-4f45d798564b',
        kind: 'TEST_LOG',
        message: '19:20:54 [INFO] 🚀 Launching El País Scraping Pipeline...',
        level: 'ERROR',
        test_run_uuid: '30a6e8b2-b75d-4794-9464-4f45d798564b'
      }
    ]
  },
  {
    event_type: 'LogCreated',
    logs: [
      {
        testFrameworkName: 'python-generic',
        testFrameworkVersion: 'python-generic-sdk/1.53.4',
        testFrameworkState: 'INIT_TEST',
        timestamp: '2026-07-27T19:20:52.763Z',
        uuid: '30a6e8b2-b75d-4794-9464-4f45d798564b',
        kind: 'TEST_LOG',
        message: '2026-07-27T19:20:54Z [BrowserStack_CE_Pipeline][INFO] - 🚀 Launching El País Scraping Pipeline...',
        level: 'INFO',
        test_run_uuid: '30a6e8b2-b75d-4794-9464-4f45d798564b'
      }
    ]
  },
  {
    event_type: 'LogCreated',
    logs: [
      {
        testFrameworkName: 'python-generic',
        testFrameworkVersion: 'python-generic-sdk/1.53.4',
        testFrameworkState: 'INIT_TEST',
        timestamp: '2026-07-27T19:20:52.763Z',
        uuid: '30a6e8b2-b75d-4794-9464-4f45d798564b',
        kind: 'TEST_LOG',
        message: '19:20:54 [INFO] Initializing WebDriver session via BrowserStack SDK...',
        level: 'ERROR',
        test_run_uuid: '30a6e8b2-b75d-4794-9464-4f45d798564b'
      }
    ]
  },
  {
    event_type: 'LogCreated',
    logs: [
      {
        testFrameworkName: 'python-generic',
        testFrameworkVersion: 'python-generic-sdk/1.53.4',
        testFrameworkState: 'INIT_TEST',
        timestamp: '2026-07-27T19:20:52.763Z',
        uuid: '30a6e8b2-b75d-4794-9464-4f45d798564b',
        kind: 'TEST_LOG',
        message: '2026-07-27T19:20:54Z [BrowserStack_CE_Pipeline][INFO] - Initializing WebDriver session via BrowserStack SDK...',
        level: 'INFO',
        test_run_uuid: '30a6e8b2-b75d-4794-9464-4f45d798564b'
      }
    ]
  },
  {
    event_type: 'LogCreated',
    logs: [
      {
        testFrameworkName: 'python-generic',
        testFrameworkVersion: 'python-generic-sdk/1.53.4',
        testFrameworkState: 'INIT_TEST',
        timestamp: '2026-07-27T19:20:52.763Z',
        uuid: '30a6e8b2-b75d-4794-9464-4f45d798564b',
        kind: 'TEST_LOG',
        message: '19:20:54 [INFO] Completed setup!',
        level: 'ERROR',
        test_run_uuid: '30a6e8b2-b75d-4794-9464-4f45d798564b'
      }
    ]
  },
  {
    event_type: 'LogCreated',
    logs: [
      {
        testFrameworkName: 'python-generic',
        testFrameworkVersion: 'python-generic-sdk/1.53.4',
        testFrameworkState: 'INIT_TEST',
        timestamp: '2026-07-27T19:20:52.763Z',
        uuid: '30a6e8b2-b75d-4794-9464-4f45d798564b',
        kind: 'TEST_LOG',
        message: '2026-07-27T19:20:54Z [BrowserStack_CE_Pipeline][INFO] - Completed setup!',
        level: 'INFO',
        test_run_uuid: '30a6e8b2-b75d-4794-9464-4f45d798564b'
      }
    ]
  },
  {
    event_type: 'LogCreated',
    logs: [
      {
        testFrameworkName: 'python-generic',
        testFrameworkVersion: 'python-generic-sdk/1.53.4',
        testFrameworkState: 'INIT_TEST',
        timestamp: '2026-07-27T19:20:52.821Z',
        uuid: '82623178-5f7b-4105-bab9-f18cfb1d878d',
        kind: 'TEST_LOG',
        message: '19:20:54 [INFO] Completed setup!',
        level: 'ERROR',
        test_run_uuid: '82623178-5f7b-4105-bab9-f18cfb1d878d'
      }
    ]
  },
  {
    event_type: 'LogCreated',
    logs: [
      {
        testFrameworkName: 'python-generic',
        testFrameworkVersion: 'python-generic-sdk/1.53.4',
        testFrameworkState: 'INIT_TEST',
        timestamp: '2026-07-27T19:20:52.821Z',
        uuid: '82623178-5f7b-4105-bab9-f18cfb1d878d',
        kind: 'TEST_LOG',
        message: '2026-07-27T19:20:54Z [BrowserStack_CE_Pipeline][INFO] - Completed setup!',
        level: 'INFO',
        test_run_uuid: '82623178-5f7b-4105-bab9-f18cfb1d878d'
      }
    ]
  },
  {
    event_type: 'TestRunStarted',
    test_run: {
      type: 'test',
      framework: 'python-generic',
      uuid: '1bf4b18a-599b-4fcf-be12-2e9d47b9e23e',
      name: 'main',
      body: { lang: 'python', code: null },
      identifier: 'main',
      scope: '',
      scopes: [ 'main' ],
      file_name: 'main.py',
      vc_filepath: '',
      location: 'main.py',
      meta: {
        test_framework: 'python-generic',
        manual_integration: true,
        agent_version: 'python-generic-sdk/1.53.4',
        test_type: 'functional',
        source_line: 38
      },
      result: 'pending',
      duration_in_ms: null,
      started_at: '2026-07-27T19:20:54.700Z',
      failure: undefined,
      failure_type: undefined,
      failure_reason: undefined,
      retry_of: null,
      custom_metadata: {},
      tags: [],
      customRerunParam: { rerun_name: 'main.py::main' },
      hooks: [],
      product_map: {
        observability: true,
        accessibility: false,
        percy: false,
        automate: true,
        app_automate: false,
        lts: false
      }
    },
    logs: []
  },
  {
    event_type: 'LogCreated',
    logs: [
      {
        testFrameworkName: 'python-generic',
        testFrameworkVersion: 'python-generic-sdk/1.53.4',
        testFrameworkState: 'INIT_TEST',
        timestamp: '2026-07-27T19:20:52.784Z',
        uuid: '1bf4b18a-599b-4fcf-be12-2e9d47b9e23e',
        kind: 'TEST_LOG',
        message: '2026-07-27T19:20:54Z [browserstack_sdk.client][INFO] - TestClient: Stored config for accessibility from SDK CLI (accessibility=False)',
        level: 'INFO',
        test_run_uuid: '1bf4b18a-599b-4fcf-be12-2e9d47b9e23e'
      }
    ]
  },
  {
    event_type: 'LogCreated',
    logs: [
      {
        testFrameworkName: 'python-generic',
        testFrameworkVersion: 'python-generic-sdk/1.53.4',
        testFrameworkState: 'INIT_TEST',
        timestamp: '2026-07-27T19:20:52.784Z',
        uuid: '1bf4b18a-599b-4fcf-be12-2e9d47b9e23e',
        kind: 'TEST_LOG',
        message: '19:20:54 [INFO] 🚀 Launching El País Scraping Pipeline...',
        level: 'ERROR',
        test_run_uuid: '1bf4b18a-599b-4fcf-be12-2e9d47b9e23e'
      }
    ]
  },
  {
    event_type: 'LogCreated',
    logs: [
      {
        testFrameworkName: 'python-generic',
        testFrameworkVersion: 'python-generic-sdk/1.53.4',
        testFrameworkState: 'INIT_TEST',
        timestamp: '2026-07-27T19:20:52.784Z',
        uuid: '1bf4b18a-599b-4fcf-be12-2e9d47b9e23e',
        kind: 'TEST_LOG',
        message: '2026-07-27T19:20:54Z [BrowserStack_CE_Pipeline][INFO] - 🚀 Launching El País Scraping Pipeline...',
        level: 'INFO',
        test_run_uuid: '1bf4b18a-599b-4fcf-be12-2e9d47b9e23e'
      }
    ]
  },
  {
    event_type: 'LogCreated',
    logs: [
      {
        testFrameworkName: 'python-generic',
        testFrameworkVersion: 'python-generic-sdk/1.53.4',
        testFrameworkState: 'INIT_TEST',
        timestamp: '2026-07-27T19:20:52.784Z',
        uuid: '1bf4b18a-599b-4fcf-be12-2e9d47b9e23e',
        kind: 'TEST_LOG',
        message: '19:20:54 [INFO] Initializing WebDriver session via BrowserStack SDK...',
        level: 'ERROR',
        test_run_uuid: '1bf4b18a-599b-4fcf-be12-2e9d47b9e23e'
      }
    ]
  },
  {
    event_type: 'LogCreated',
    logs: [
      {
        testFrameworkName: 'python-generic',
        testFrameworkVersion: 'python-generic-sdk/1.53.4',
        testFrameworkState: 'INIT_TEST',
        timestamp: '2026-07-27T19:20:52.784Z',
        uuid: '1bf4b18a-599b-4fcf-be12-2e9d47b9e23e',
        kind: 'TEST_LOG',
        message: '2026-07-27T19:20:54Z [BrowserStack_CE_Pipeline][INFO] - Initializing WebDriver session via BrowserStack SDK...',
        level: 'INFO',
        test_run_uuid: '1bf4b18a-599b-4fcf-be12-2e9d47b9e23e'
      }
    ]
  },
  {
    event_type: 'TestRunStarted',
    test_run: {
      type: 'test',
      framework: 'python-generic',
      uuid: '10e57b71-8a6f-495e-8b1d-996a48a9c47f',
      name: 'main',
      body: { lang: 'python', code: null },
      identifier: 'main',
      scope: '',
      scopes: [ 'main' ],
      file_name: 'main.py',
      vc_filepath: '',
      location: 'main.py',
      meta: {
        test_framework: 'python-generic',
        manual_integration: true,
        agent_version: 'python-generic-sdk/1.53.4',
        test_type: 'functional',
        source_line: 38
      },
      result: 'pending',
      duration_in_ms: null,
      started_at: '2026-07-27T19:20:54.793Z',
      failure: undefined,
      failure_type: undefined,
      failure_reason: undefined,
      retry_of: null,
      custom_metadata: {},
      tags: [],
      customRerunParam: { rerun_name: 'main.py::main' },
      hooks: [],
      product_map: {
        observability: true,
        accessibility: false,
        percy: false,
        automate: true,
        app_automate: false,
        lts: false
      }
    },
    logs: []
  },
  {
    event_type: 'LogCreated',
    logs: [
      {
        testFrameworkName: 'python-generic',
        testFrameworkVersion: 'python-generic-sdk/1.53.4',
        testFrameworkState: 'INIT_TEST',
        timestamp: '2026-07-27T19:20:52.926Z',
        uuid: '10e57b71-8a6f-495e-8b1d-996a48a9c47f',
        kind: 'TEST_LOG',
        message: '2026-07-27T19:20:54Z [browserstack_sdk.client][INFO] - TestClient: Stored config for accessibility from SDK CLI (accessibility=False)',
        level: 'INFO',
        test_run_uuid: '10e57b71-8a6f-495e-8b1d-996a48a9c47f'
      }
    ]
  },
  {
    event_type: 'LogCreated',
    logs: [
      {
        testFrameworkName: 'python-generic',
        testFrameworkVersion: 'python-generic-sdk/1.53.4',
        testFrameworkState: 'INIT_TEST',
        timestamp: '2026-07-27T19:20:52.926Z',
        uuid: '10e57b71-8a6f-495e-8b1d-996a48a9c47f',
        kind: 'TEST_LOG',
        message: '19:20:54 [INFO] 🚀 Launching El País Scraping Pipeline...',
        level: 'ERROR',
        test_run_uuid: '10e57b71-8a6f-495e-8b1d-996a48a9c47f'
      }
    ]
  },
  {
    event_type: 'LogCreated',
    logs: [
      {
        testFrameworkName: 'python-generic',
        testFrameworkVersion: 'python-generic-sdk/1.53.4',
        testFrameworkState: 'INIT_TEST',
        timestamp: '2026-07-27T19:20:52.926Z',
        uuid: '10e57b71-8a6f-495e-8b1d-996a48a9c47f',
        kind: 'TEST_LOG',
        message: '2026-07-27T19:20:54Z [BrowserStack_CE_Pipeline][INFO] - 🚀 Launching El País Scraping Pipeline...',
        level: 'INFO',
        test_run_uuid: '10e57b71-8a6f-495e-8b1d-996a48a9c47f'
      }
    ]
  },
  {
    event_type: 'LogCreated',
    logs: [
      {
        testFrameworkName: 'python-generic',
        testFrameworkVersion: 'python-generic-sdk/1.53.4',
        testFrameworkState: 'INIT_TEST',
        timestamp: '2026-07-27T19:20:52.926Z',
        uuid: '10e57b71-8a6f-495e-8b1d-996a48a9c47f',
        kind: 'TEST_LOG',
        message: '19:20:54 [INFO] Initializing WebDriver session via BrowserStack SDK...',
        level: 'ERROR',
        test_run_uuid: '10e57b71-8a6f-495e-8b1d-996a48a9c47f'
      }
    ]
  },
  {
    event_type: 'LogCreated',
    logs: [
      {
        testFrameworkName: 'python-generic',
        testFrameworkVersion: 'python-generic-sdk/1.53.4',
        testFrameworkState: 'INIT_TEST',
        timestamp: '2026-07-27T19:20:52.926Z',
        uuid: '10e57b71-8a6f-495e-8b1d-996a48a9c47f',
        kind: 'TEST_LOG',
        message: '2026-07-27T19:20:54Z [BrowserStack_CE_Pipeline][INFO] - Initializing WebDriver session via BrowserStack SDK...',
        level: 'INFO',
        test_run_uuid: '10e57b71-8a6f-495e-8b1d-996a48a9c47f'
      }
    ]
  },
  {
    event_type: 'TestRunStarted',
    test_run: {
      type: 'test',
      framework: 'python-generic',
      uuid: '0f6a8a62-c652-407e-841c-862fce9c2602',
      name: 'main',
      body: { lang: 'python', code: null },
      identifier: 'main',
      scope: '',
      scopes: [ 'main' ],
      file_name: 'main.py',
      vc_filepath: '',
      location: 'main.py',
      meta: {
        test_framework: 'python-generic',
        manual_integration: true,
        agent_version: 'python-generic-sdk/1.53.4',
        test_type: 'functional',
        source_line: 38
      },
      result: 'pending',
      duration_in_ms: null,
      started_at: '2026-07-27T19:20:55.044Z',
      failure: undefined,
      failure_type: undefined,
      failure_reason: undefined,
      retry_of: null,
      custom_metadata: {},
      tags: [],
      customRerunParam: { rerun_name: 'main.py::main' },
      hooks: [],
      product_map: {
        observability: true,
        accessibility: false,
        percy: false,
        automate: true,
        app_automate: false,
        lts: false
      }
    },
    logs: []
  },
  {
    event_type: 'LogCreated',
    logs: [
      {
        testFrameworkName: 'python-generic',
        testFrameworkVersion: 'python-generic-sdk/1.53.4',
        testFrameworkState: 'INIT_TEST',
        timestamp: '2026-07-27T19:20:52.994Z',
        uuid: '0f6a8a62-c652-407e-841c-862fce9c2602',
        kind: 'TEST_LOG',
        message: '2026-07-27T19:20:55Z [browserstack_sdk.client][INFO] - TestClient: Stored config for accessibility from SDK CLI (accessibility=False)',
        level: 'INFO',
        test_run_uuid: '0f6a8a62-c652-407e-841c-862fce9c2602'
      }
    ]
  },
  {
    event_type: 'LogCreated',
    logs: [
      {
        testFrameworkName: 'python-generic',
        testFrameworkVersion: 'python-generic-sdk/1.53.4',
        testFrameworkState: 'INIT_TEST',
        timestamp: '2026-07-27T19:20:52.994Z',
        uuid: '0f6a8a62-c652-407e-841c-862fce9c2602',
        kind: 'TEST_LOG',
        message: '19:20:55 [INFO] 🚀 Launching El País Scraping Pipeline...',
        level: 'ERROR',
        test_run_uuid: '0f6a8a62-c652-407e-841c-862fce9c2602'
      }
    ]
  },
  {
    event_type: 'LogCreated',
    logs: [
      {
        testFrameworkName: 'python-generic',
        testFrameworkVersion: 'python-generic-sdk/1.53.4',
        testFrameworkState: 'INIT_TEST',
        timestamp: '2026-07-27T19:20:52.994Z',
        uuid: '0f6a8a62-c652-407e-841c-862fce9c2602',
        kind: 'TEST_LOG',
        message: '2026-07-27T19:20:55Z [BrowserStack_CE_Pipeline][INFO] - 🚀 Launching El País Scraping Pipeline...',
        level: 'INFO',
        test_run_uuid: '0f6a8a62-c652-407e-841c-862fce9c2602'
      }
    ]
  },
  {
    event_type: 'LogCreated',
    logs: [
      {
        testFrameworkName: 'python-generic',
        testFrameworkVersion: 'python-generic-sdk/1.53.4',
        testFrameworkState: 'INIT_TEST',
        timestamp: '2026-07-27T19:20:52.994Z',
        uuid: '0f6a8a62-c652-407e-841c-862fce9c2602',
        kind: 'TEST_LOG',
        message: '19:20:55 [INFO] Initializing WebDriver session via BrowserStack SDK...',
        level: 'ERROR',
        test_run_uuid: '0f6a8a62-c652-407e-841c-862fce9c2602'
      }
    ]
  },
  {
    event_type: 'LogCreated',
    logs: [
      {
        testFrameworkName: 'python-generic',
        testFrameworkVersion: 'python-generic-sdk/1.53.4',
        testFrameworkState: 'INIT_TEST',
        timestamp: '2026-07-27T19:20:52.994Z',
        uuid: '0f6a8a62-c652-407e-841c-862fce9c2602',
        kind: 'TEST_LOG',
        message: '2026-07-27T19:20:55Z [BrowserStack_CE_Pipeline][INFO] - Initializing WebDriver session via BrowserStack SDK...',
        level: 'INFO',
        test_run_uuid: '0f6a8a62-c652-407e-841c-862fce9c2602'
      }
    ]
  },
  {
    event_type: 'LogCreated',
    logs: [
      {
        testFrameworkName: 'python-generic',
        testFrameworkVersion: 'python-generic-sdk/1.53.4',
        testFrameworkState: 'INIT_TEST',
        timestamp: '2026-07-27T19:20:52.784Z',
        uuid: '1bf4b18a-599b-4fcf-be12-2e9d47b9e23e',
        kind: 'TEST_LOG',
        message: '19:20:55 [INFO] Completed setup!',
        level: 'ERROR',
        test_run_uuid: '1bf4b18a-599b-4fcf-be12-2e9d47b9e23e'
      }
    ]
  },
  {
    event_type: 'LogCreated',
    logs: [
      {
        testFrameworkName: 'python-generic',
        testFrameworkVersion: 'python-generic-sdk/1.53.4',
        testFrameworkState: 'INIT_TEST',
        timestamp: '2026-07-27T19:20:52.784Z',
        uuid: '1bf4b18a-599b-4fcf-be12-2e9d47b9e23e',
        kind: 'TEST_LOG',
        message: '2026-07-27T19:20:55Z [BrowserStack_CE_Pipeline][INFO] - Completed setup!',
        level: 'INFO',
        test_run_uuid: '1bf4b18a-599b-4fcf-be12-2e9d47b9e23e'
      }
    ]
  },
  {
    event_type: 'LogCreated',
    logs: [
      {
        testFrameworkName: 'python-generic',
        testFrameworkVersion: 'python-generic-sdk/1.53.4',
        testFrameworkState: 'INIT_TEST',
        timestamp: '2026-07-27T19:20:52.926Z',
        uuid: '10e57b71-8a6f-495e-8b1d-996a48a9c47f',
        kind: 'TEST_LOG',
        message: '19:20:55 [INFO] Completed setup!',
        level: 'ERROR',
        test_run_uuid: '10e57b71-8a6f-495e-8b1d-996a48a9c47f'
      }
    ]
  },
  {
    event_type: 'LogCreated',
    logs: [
      {
        testFrameworkName: 'python-generic',
        testFrameworkVersion: 'python-generic-sdk/1.53.4',
        testFrameworkState: 'INIT_TEST',
        timestamp: '2026-07-27T19:20:52.926Z',
        uuid: '10e57b71-8a6f-495e-8b1d-996a48a9c47f',
        kind: 'TEST_LOG',
        message: '2026-07-27T19:20:55Z [BrowserStack_CE_Pipeline][INFO] - Completed setup!',
        level: 'INFO',
        test_run_uuid: '10e57b71-8a6f-495e-8b1d-996a48a9c47f'
      }
    ]
  },
  {
    event_type: 'LogCreated',
    logs: [
      {
        testFrameworkName: 'python-generic',
        testFrameworkVersion: 'python-generic-sdk/1.53.4',
        testFrameworkState: 'INIT_TEST',
        timestamp: '2026-07-27T19:20:52.994Z',
        uuid: '0f6a8a62-c652-407e-841c-862fce9c2602',
        kind: 'TEST_LOG',
        message: '19:20:55 [INFO] Completed setup!',
        level: 'ERROR',
        test_run_uuid: '0f6a8a62-c652-407e-841c-862fce9c2602'
      }
    ]
  },
  {
    event_type: 'LogCreated',
    logs: [
      {
        testFrameworkName: 'python-generic',
        testFrameworkVersion: 'python-generic-sdk/1.53.4',
        testFrameworkState: 'INIT_TEST',
        timestamp: '2026-07-27T19:20:52.994Z',
        uuid: '0f6a8a62-c652-407e-841c-862fce9c2602',
        kind: 'TEST_LOG',
        message: '2026-07-27T19:20:55Z [BrowserStack_CE_Pipeline][INFO] - Completed setup!',
        level: 'INFO',
        test_run_uuid: '0f6a8a62-c652-407e-841c-862fce9c2602'
      }
    ]
  }
] to 67176:0
2026-07-27T19:20:56.486Z CLI info  [ypludnbaxyot2ifcndag0ihq6bbxwfgauyexp7ea]  [cec4fdeb-4131-48ce-9133-47178bb9ebe8]  [PRODUCTION] Making POST request to https://collector-observability.browserstack.com
2026-07-27T19:20:59.967Z CLI info [testhub:request-queue-handler]  [ypludnbaxyot2ifcndag0ihq6bbxwfgauyexp7ea]  [cec4fdeb-4131-48ce-9133-47178bb9ebe8]  Added the event {
  event_type: 'LogCreated',
  logs: [
    {
      testFrameworkName: 'python-generic',
      testFrameworkVersion: 'python-generic-sdk/1.53.4',
      testFrameworkState: 'INIT_TEST',
      timestamp: '2026-07-27T19:20:52.784Z',
      uuid: '1bf4b18a-599b-4fcf-be12-2e9d47b9e23e',
      kind: 'TEST_LOG',
      message: '19:20:59 [INFO] --- Launching Execution Pipeline [opinion] ---',
      level: 'ERROR',
      test_run_uuid: '1bf4b18a-599b-4fcf-be12-2e9d47b9e23e'
    }
  ]
} to 67176:0
2026-07-27T19:20:59.974Z CLI info [testhub:request-queue-handler]  [ypludnbaxyot2ifcndag0ihq6bbxwfgauyexp7ea]  [cec4fdeb-4131-48ce-9133-47178bb9ebe8]  Added the event {
  event_type: 'LogCreated',
  logs: [
    {
      testFrameworkName: 'python-generic',
      testFrameworkVersion: 'python-generic-sdk/1.53.4',
      testFrameworkState: 'INIT_TEST',
      timestamp: '2026-07-27T19:20:52.784Z',
      uuid: '1bf4b18a-599b-4fcf-be12-2e9d47b9e23e',
      kind: 'TEST_LOG',
      message: '2026-07-27T19:20:59Z [BrowserStack_CE_Pipeline][INFO] - --- Launching Execution Pipeline [opinion] ---',
      level: 'INFO',
      test_run_uuid: '1bf4b18a-599b-4fcf-be12-2e9d47b9e23e'
    }
  ]
} to 67176:0
2026-07-27T19:20:59.977Z CLI info [testhub:request-queue-handler]  [ypludnbaxyot2ifcndag0ihq6bbxwfgauyexp7ea]  [cec4fdeb-4131-48ce-9133-47178bb9ebe8]  Added the event {
  event_type: 'LogCreated',
  logs: [
    {
      testFrameworkName: 'python-generic',
      testFrameworkVersion: 'python-generic-sdk/1.53.4',
      testFrameworkState: 'INIT_TEST',
      timestamp: '2026-07-27T19:20:52.784Z',
      uuid: '1bf4b18a-599b-4fcf-be12-2e9d47b9e23e',
      kind: 'TEST_LOG',
      message: '2026-07-27T19:20:59Z [BrowserStack_CE_Pipeline][INFO] - Navigating to El País section: https://elpais.com/opinion/',
      level: 'INFO',
      test_run_uuid: '1bf4b18a-599b-4fcf-be12-2e9d47b9e23e'
    }
  ]
} to 67176:0
2026-07-27T19:20:59.980Z CLI info [testhub:request-queue-handler]  [ypludnbaxyot2ifcndag0ihq6bbxwfgauyexp7ea]  [cec4fdeb-4131-48ce-9133-47178bb9ebe8]  Added the event {
  event_type: 'LogCreated',
  logs: [
    {
      testFrameworkName: 'python-generic',
      testFrameworkVersion: 'python-generic-sdk/1.53.4',
      testFrameworkState: 'INIT_TEST',
      timestamp: '2026-07-27T19:20:52.784Z',
      uuid: '1bf4b18a-599b-4fcf-be12-2e9d47b9e23e',
      kind: 'TEST_LOG',
      message: '19:20:59 [INFO] Navigating to El País section: https://elpais.com/opinion/',
      level: 'ERROR',
      test_run_uuid: '1bf4b18a-599b-4fcf-be12-2e9d47b9e23e'
    }
  ]
} to 67176:0
2026-07-27T19:21:00.480Z CLI info [testhub:request-queue-handler]  [ypludnbaxyot2ifcndag0ihq6bbxwfgauyexp7ea]  [cec4fdeb-4131-48ce-9133-47178bb9ebe8]  Processing batch event [
  {
    event_type: 'LogCreated',
    logs: [
      {
        testFrameworkName: 'python-generic',
        testFrameworkVersion: 'python-generic-sdk/1.53.4',
        testFrameworkState: 'INIT_TEST',
        timestamp: '2026-07-27T19:20:52.784Z',
        uuid: '1bf4b18a-599b-4fcf-be12-2e9d47b9e23e',
        kind: 'TEST_LOG',
        message: '19:20:59 [INFO] --- Launching Execution Pipeline [opinion] ---',
        level: 'ERROR',
        test_run_uuid: '1bf4b18a-599b-4fcf-be12-2e9d47b9e23e'
      }
    ]
  },
  {
    event_type: 'LogCreated',
    logs: [
      {
        testFrameworkName: 'python-generic',
        testFrameworkVersion: 'python-generic-sdk/1.53.4',
        testFrameworkState: 'INIT_TEST',
        timestamp: '2026-07-27T19:20:52.784Z',
        uuid: '1bf4b18a-599b-4fcf-be12-2e9d47b9e23e',
        kind: 'TEST_LOG',
        message: '2026-07-27T19:20:59Z [BrowserStack_CE_Pipeline][INFO] - --- Launching Execution Pipeline [opinion] ---',
        level: 'INFO',
        test_run_uuid: '1bf4b18a-599b-4fcf-be12-2e9d47b9e23e'
      }
    ]
  },
  {
    event_type: 'LogCreated',
    logs: [
      {
        testFrameworkName: 'python-generic',
        testFrameworkVersion: 'python-generic-sdk/1.53.4',
        testFrameworkState: 'INIT_TEST',
        timestamp: '2026-07-27T19:20:52.784Z',
        uuid: '1bf4b18a-599b-4fcf-be12-2e9d47b9e23e',
        kind: 'TEST_LOG',
        message: '2026-07-27T19:20:59Z [BrowserStack_CE_Pipeline][INFO] - Navigating to El País section: https://elpais.com/opinion/',
        level: 'INFO',
        test_run_uuid: '1bf4b18a-599b-4fcf-be12-2e9d47b9e23e'
      }
    ]
  },
  {
    event_type: 'LogCreated',
    logs: [
      {
        testFrameworkName: 'python-generic',
        testFrameworkVersion: 'python-generic-sdk/1.53.4',
        testFrameworkState: 'INIT_TEST',
        timestamp: '2026-07-27T19:20:52.784Z',
        uuid: '1bf4b18a-599b-4fcf-be12-2e9d47b9e23e',
        kind: 'TEST_LOG',
        message: '19:20:59 [INFO] Navigating to El País section: https://elpais.com/opinion/',
        level: 'ERROR',
        test_run_uuid: '1bf4b18a-599b-4fcf-be12-2e9d47b9e23e'
      }
    ]
  }
] to 67176:0
2026-07-27T19:21:00.480Z CLI info  [ypludnbaxyot2ifcndag0ihq6bbxwfgauyexp7ea]  [cec4fdeb-4131-48ce-9133-47178bb9ebe8]  [PRODUCTION] Making POST request to https://collector-observability.browserstack.com
2026-07-27T19:21:01.800Z CLI info [testhub:request-queue-handler]  [ypludnbaxyot2ifcndag0ihq6bbxwfgauyexp7ea]  [cec4fdeb-4131-48ce-9133-47178bb9ebe8]  Added the event {
  event_type: 'LogCreated',
  logs: [
    {
      testFrameworkName: 'python-generic',
      testFrameworkVersion: 'python-generic-sdk/1.53.4',
      testFrameworkState: 'INIT_TEST',
      timestamp: '2026-07-27T19:20:52.763Z',
      uuid: '30a6e8b2-b75d-4794-9464-4f45d798564b',
      kind: 'TEST_LOG',
      message: '19:21:01 [INFO] --- Launching Execution Pipeline [opinion] ---',
      level: 'ERROR',
      test_run_uuid: '30a6e8b2-b75d-4794-9464-4f45d798564b'
    }
  ]
} to 67176:0
2026-07-27T19:21:01.810Z CLI info [testhub:request-queue-handler]  [ypludnbaxyot2ifcndag0ihq6bbxwfgauyexp7ea]  [cec4fdeb-4131-48ce-9133-47178bb9ebe8]  Added the event {
  event_type: 'LogCreated',
  logs: [
    {
      testFrameworkName: 'python-generic',
      testFrameworkVersion: 'python-generic-sdk/1.53.4',
      testFrameworkState: 'INIT_TEST',
      timestamp: '2026-07-27T19:20:52.763Z',
      uuid: '30a6e8b2-b75d-4794-9464-4f45d798564b',
      kind: 'TEST_LOG',
      message: '2026-07-27T19:21:01Z [BrowserStack_CE_Pipeline][INFO] - Navigating to El País section: https://elpais.com/opinion/',
      level: 'INFO',
      test_run_uuid: '30a6e8b2-b75d-4794-9464-4f45d798564b'
    }
  ]
} to 67176:0
2026-07-27T19:21:01.811Z CLI info [testhub:request-queue-handler]  [ypludnbaxyot2ifcndag0ihq6bbxwfgauyexp7ea]  [cec4fdeb-4131-48ce-9133-47178bb9ebe8]  Added the event {
  event_type: 'LogCreated',
  logs: [
    {
      testFrameworkName: 'python-generic',
      testFrameworkVersion: 'python-generic-sdk/1.53.4',
      testFrameworkState: 'INIT_TEST',
      timestamp: '2026-07-27T19:20:52.763Z',
      uuid: '30a6e8b2-b75d-4794-9464-4f45d798564b',
      kind: 'TEST_LOG',
      message: '2026-07-27T19:21:01Z [BrowserStack_CE_Pipeline][INFO] - --- Launching Execution Pipeline [opinion] ---',
      level: 'INFO',
      test_run_uuid: '30a6e8b2-b75d-4794-9464-4f45d798564b'
    }
  ]
} to 67176:0
2026-07-27T19:21:01.812Z CLI info [testhub:request-queue-handler]  [ypludnbaxyot2ifcndag0ihq6bbxwfgauyexp7ea]  [cec4fdeb-4131-48ce-9133-47178bb9ebe8]  Added the event {
  event_type: 'LogCreated',
  logs: [
    {
      testFrameworkName: 'python-generic',
      testFrameworkVersion: 'python-generic-sdk/1.53.4',
      testFrameworkState: 'INIT_TEST',
      timestamp: '2026-07-27T19:20:52.763Z',
      uuid: '30a6e8b2-b75d-4794-9464-4f45d798564b',
      kind: 'TEST_LOG',
      message: '19:21:01 [INFO] Navigating to El País section: https://elpais.com/opinion/',
      level: 'ERROR',
      test_run_uuid: '30a6e8b2-b75d-4794-9464-4f45d798564b'
    }
  ]
} to 67176:0
2026-07-27T19:21:02.481Z CLI info [testhub:request-queue-handler]  [ypludnbaxyot2ifcndag0ihq6bbxwfgauyexp7ea]  [cec4fdeb-4131-48ce-9133-47178bb9ebe8]  Processing batch event [
  {
    event_type: 'LogCreated',
    logs: [
      {
        testFrameworkName: 'python-generic',
        testFrameworkVersion: 'python-generic-sdk/1.53.4',
        testFrameworkState: 'INIT_TEST',
        timestamp: '2026-07-27T19:20:52.763Z',
        uuid: '30a6e8b2-b75d-4794-9464-4f45d798564b',
        kind: 'TEST_LOG',
        message: '19:21:01 [INFO] --- Launching Execution Pipeline [opinion] ---',
        level: 'ERROR',
        test_run_uuid: '30a6e8b2-b75d-4794-9464-4f45d798564b'
      }
    ]
  },
  {
    event_type: 'LogCreated',
    logs: [
      {
        testFrameworkName: 'python-generic',
        testFrameworkVersion: 'python-generic-sdk/1.53.4',
        testFrameworkState: 'INIT_TEST',
        timestamp: '2026-07-27T19:20:52.763Z',
        uuid: '30a6e8b2-b75d-4794-9464-4f45d798564b',
        kind: 'TEST_LOG',
        message: '2026-07-27T19:21:01Z [BrowserStack_CE_Pipeline][INFO] - Navigating to El País section: https://elpais.com/opinion/',
        level: 'INFO',
        test_run_uuid: '30a6e8b2-b75d-4794-9464-4f45d798564b'
      }
    ]
  },
  {
    event_type: 'LogCreated',
    logs: [
      {
        testFrameworkName: 'python-generic',
        testFrameworkVersion: 'python-generic-sdk/1.53.4',
        testFrameworkState: 'INIT_TEST',
        timestamp: '2026-07-27T19:20:52.763Z',
        uuid: '30a6e8b2-b75d-4794-9464-4f45d798564b',
        kind: 'TEST_LOG',
        message: '2026-07-27T19:21:01Z [BrowserStack_CE_Pipeline][INFO] - --- Launching Execution Pipeline [opinion] ---',
        level: 'INFO',
        test_run_uuid: '30a6e8b2-b75d-4794-9464-4f45d798564b'
      }
    ]
  },
  {
    event_type: 'LogCreated',
    logs: [
      {
        testFrameworkName: 'python-generic',
        testFrameworkVersion: 'python-generic-sdk/1.53.4',
        testFrameworkState: 'INIT_TEST',
        timestamp: '2026-07-27T19:20:52.763Z',
        uuid: '30a6e8b2-b75d-4794-9464-4f45d798564b',
        kind: 'TEST_LOG',
        message: '19:21:01 [INFO] Navigating to El País section: https://elpais.com/opinion/',
        level: 'ERROR',
        test_run_uuid: '30a6e8b2-b75d-4794-9464-4f45d798564b'
      }
    ]
  }
] to 67176:0
2026-07-27T19:21:02.482Z CLI info  [ypludnbaxyot2ifcndag0ihq6bbxwfgauyexp7ea]  [cec4fdeb-4131-48ce-9133-47178bb9ebe8]  [PRODUCTION] Making POST request to https://collector-observability.browserstack.com
2026-07-27T19:21:05.768Z CLI info [testhub:request-queue-handler]  [ypludnbaxyot2ifcndag0ihq6bbxwfgauyexp7ea]  [cec4fdeb-4131-48ce-9133-47178bb9ebe8]  Added the event {
  event_type: 'LogCreated',
  logs: [
    {
      testFrameworkName: 'python-generic',
      testFrameworkVersion: 'python-generic-sdk/1.53.4',
      testFrameworkState: 'INIT_TEST',
      timestamp: '2026-07-27T19:20:52.784Z',
      uuid: '1bf4b18a-599b-4fcf-be12-2e9d47b9e23e',
      kind: 'TEST_LOG',
      message: '19:21:05 [INFO] Cookie consent dialog cleared.',
      level: 'ERROR',
      test_run_uuid: '1bf4b18a-599b-4fcf-be12-2e9d47b9e23e'
    }
  ]
} to 67176:0
2026-07-27T19:21:05.770Z CLI info [testhub:request-queue-handler]  [ypludnbaxyot2ifcndag0ihq6bbxwfgauyexp7ea]  [cec4fdeb-4131-48ce-9133-47178bb9ebe8]  Added the event {
  event_type: 'LogCreated',
  logs: [
    {
      testFrameworkName: 'python-generic',
      testFrameworkVersion: 'python-generic-sdk/1.53.4',
      testFrameworkState: 'INIT_TEST',
      timestamp: '2026-07-27T19:20:52.784Z',
      uuid: '1bf4b18a-599b-4fcf-be12-2e9d47b9e23e',
      kind: 'TEST_LOG',
      message: '2026-07-27T19:21:05Z [BrowserStack_CE_Pipeline][INFO] - Cookie consent dialog cleared.',
      level: 'INFO',
      test_run_uuid: '1bf4b18a-599b-4fcf-be12-2e9d47b9e23e'
    }
  ]
} to 67176:0
2026-07-27T19:21:06.178Z CLI info [testhub:request-queue-handler]  [ypludnbaxyot2ifcndag0ihq6bbxwfgauyexp7ea]  [cec4fdeb-4131-48ce-9133-47178bb9ebe8]  Added the event {
  event_type: 'LogCreated',
  logs: [
    {
      testFrameworkName: 'python-generic',
      testFrameworkVersion: 'python-generic-sdk/1.53.4',
      testFrameworkState: 'INIT_TEST',
      timestamp: '2026-07-27T19:20:52.784Z',
      uuid: '1bf4b18a-599b-4fcf-be12-2e9d47b9e23e',
      kind: 'TEST_LOG',
      message: "19:21:06 [INFO] HTML lang attribute verified: 'es-ES'",
      level: 'ERROR',
      test_run_uuid: '1bf4b18a-599b-4fcf-be12-2e9d47b9e23e'
    }
  ]
} to 67176:0
2026-07-27T19:21:06.180Z CLI info [testhub:request-queue-handler]  [ypludnbaxyot2ifcndag0ihq6bbxwfgauyexp7ea]  [cec4fdeb-4131-48ce-9133-47178bb9ebe8]  Added the event {
  event_type: 'LogCreated',
  logs: [
    {
      testFrameworkName: 'python-generic',
      testFrameworkVersion: 'python-generic-sdk/1.53.4',
      testFrameworkState: 'INIT_TEST',
      timestamp: '2026-07-27T19:20:52.784Z',
      uuid: '1bf4b18a-599b-4fcf-be12-2e9d47b9e23e',
      kind: 'TEST_LOG',
      message: "2026-07-27T19:21:06Z [BrowserStack_CE_Pipeline][INFO] - HTML lang attribute verified: 'es-ES'",
      level: 'INFO',
      test_run_uuid: '1bf4b18a-599b-4fcf-be12-2e9d47b9e23e'
    }
  ]
} to 67176:0
2026-07-27T19:21:06.482Z CLI info [testhub:request-queue-handler]  [ypludnbaxyot2ifcndag0ihq6bbxwfgauyexp7ea]  [cec4fdeb-4131-48ce-9133-47178bb9ebe8]  Processing batch event [
  {
    event_type: 'LogCreated',
    logs: [
      {
        testFrameworkName: 'python-generic',
        testFrameworkVersion: 'python-generic-sdk/1.53.4',
        testFrameworkState: 'INIT_TEST',
        timestamp: '2026-07-27T19:20:52.784Z',
        uuid: '1bf4b18a-599b-4fcf-be12-2e9d47b9e23e',
        kind: 'TEST_LOG',
        message: '19:21:05 [INFO] Cookie consent dialog cleared.',
        level: 'ERROR',
        test_run_uuid: '1bf4b18a-599b-4fcf-be12-2e9d47b9e23e'
      }
    ]
  },
  {
    event_type: 'LogCreated',
    logs: [
      {
        testFrameworkName: 'python-generic',
        testFrameworkVersion: 'python-generic-sdk/1.53.4',
        testFrameworkState: 'INIT_TEST',
        timestamp: '2026-07-27T19:20:52.784Z',
        uuid: '1bf4b18a-599b-4fcf-be12-2e9d47b9e23e',
        kind: 'TEST_LOG',
        message: '2026-07-27T19:21:05Z [BrowserStack_CE_Pipeline][INFO] - Cookie consent dialog cleared.',
        level: 'INFO',
        test_run_uuid: '1bf4b18a-599b-4fcf-be12-2e9d47b9e23e'
      }
    ]
  },
  {
    event_type: 'LogCreated',
    logs: [
      {
        testFrameworkName: 'python-generic',
        testFrameworkVersion: 'python-generic-sdk/1.53.4',
        testFrameworkState: 'INIT_TEST',
        timestamp: '2026-07-27T19:20:52.784Z',
        uuid: '1bf4b18a-599b-4fcf-be12-2e9d47b9e23e',
        kind: 'TEST_LOG',
        message: "19:21:06 [INFO] HTML lang attribute verified: 'es-ES'",
        level: 'ERROR',
        test_run_uuid: '1bf4b18a-599b-4fcf-be12-2e9d47b9e23e'
      }
    ]
  },
  {
    event_type: 'LogCreated',
    logs: [
      {
        testFrameworkName: 'python-generic',
        testFrameworkVersion: 'python-generic-sdk/1.53.4',
        testFrameworkState: 'INIT_TEST',
        timestamp: '2026-07-27T19:20:52.784Z',
        uuid: '1bf4b18a-599b-4fcf-be12-2e9d47b9e23e',
        kind: 'TEST_LOG',
        message: "2026-07-27T19:21:06Z [BrowserStack_CE_Pipeline][INFO] - HTML lang attribute verified: 'es-ES'",
        level: 'INFO',
        test_run_uuid: '1bf4b18a-599b-4fcf-be12-2e9d47b9e23e'
      }
    ]
  }
] to 67176:0
2026-07-27T19:21:06.483Z CLI info  [ypludnbaxyot2ifcndag0ihq6bbxwfgauyexp7ea]  [cec4fdeb-4131-48ce-9133-47178bb9ebe8]  [PRODUCTION] Making POST request to https://collector-observability.browserstack.com
2026-07-27T19:21:07.985Z CLI info [testhub:request-queue-handler]  [ypludnbaxyot2ifcndag0ihq6bbxwfgauyexp7ea]  [cec4fdeb-4131-48ce-9133-47178bb9ebe8]  Added the event {
  event_type: 'LogCreated',
  logs: [
    {
      testFrameworkName: 'python-generic',
      testFrameworkVersion: 'python-generic-sdk/1.53.4',
      testFrameworkState: 'INIT_TEST',
      timestamp: '2026-07-27T19:20:52.821Z',
      uuid: '82623178-5f7b-4105-bab9-f18cfb1d878d',
      kind: 'TEST_LOG',
      message: '19:21:07 [INFO] --- Launching Execution Pipeline [opinion] ---',
      level: 'ERROR',
      test_run_uuid: '82623178-5f7b-4105-bab9-f18cfb1d878d'
    }
  ]
} to 67176:0
2026-07-27T19:21:07.987Z CLI info [testhub:request-queue-handler]  [ypludnbaxyot2ifcndag0ihq6bbxwfgauyexp7ea]  [cec4fdeb-4131-48ce-9133-47178bb9ebe8]  Added the event {
  event_type: 'LogCreated',
  logs: [
    {
      testFrameworkName: 'python-generic',
      testFrameworkVersion: 'python-generic-sdk/1.53.4',
      testFrameworkState: 'INIT_TEST',
      timestamp: '2026-07-27T19:20:52.821Z',
      uuid: '82623178-5f7b-4105-bab9-f18cfb1d878d',
      kind: 'TEST_LOG',
      message: '2026-07-27T19:21:07Z [BrowserStack_CE_Pipeline][INFO] - --- Launching Execution Pipeline [opinion] ---',
      level: 'INFO',
      test_run_uuid: '82623178-5f7b-4105-bab9-f18cfb1d878d'
    }
  ]
} to 67176:0
2026-07-27T19:21:07.994Z CLI info [testhub:request-queue-handler]  [ypludnbaxyot2ifcndag0ihq6bbxwfgauyexp7ea]  [cec4fdeb-4131-48ce-9133-47178bb9ebe8]  Added the event {
  event_type: 'LogCreated',
  logs: [
    {
      testFrameworkName: 'python-generic',
      testFrameworkVersion: 'python-generic-sdk/1.53.4',
      testFrameworkState: 'INIT_TEST',
      timestamp: '2026-07-27T19:20:52.821Z',
      uuid: '82623178-5f7b-4105-bab9-f18cfb1d878d',
      kind: 'TEST_LOG',
      message: '2026-07-27T19:21:07Z [BrowserStack_CE_Pipeline][INFO] - Navigating to El País section: https://elpais.com/opinion/',
      level: 'INFO',
      test_run_uuid: '82623178-5f7b-4105-bab9-f18cfb1d878d'
    }
  ]
} to 67176:0
2026-07-27T19:21:07.996Z CLI info [testhub:request-queue-handler]  [ypludnbaxyot2ifcndag0ihq6bbxwfgauyexp7ea]  [cec4fdeb-4131-48ce-9133-47178bb9ebe8]  Added the event {
  event_type: 'LogCreated',
  logs: [
    {
      testFrameworkName: 'python-generic',
      testFrameworkVersion: 'python-generic-sdk/1.53.4',
      testFrameworkState: 'INIT_TEST',
      timestamp: '2026-07-27T19:20:52.821Z',
      uuid: '82623178-5f7b-4105-bab9-f18cfb1d878d',
      kind: 'TEST_LOG',
      message: '19:21:07 [INFO] Navigating to El País section: https://elpais.com/opinion/',
      level: 'ERROR',
      test_run_uuid: '82623178-5f7b-4105-bab9-f18cfb1d878d'
    }
  ]
} to 67176:0
2026-07-27T19:21:08.482Z CLI info [testhub:request-queue-handler]  [ypludnbaxyot2ifcndag0ihq6bbxwfgauyexp7ea]  [cec4fdeb-4131-48ce-9133-47178bb9ebe8]  Processing batch event [
  {
    event_type: 'LogCreated',
    logs: [
      {
        testFrameworkName: 'python-generic',
        testFrameworkVersion: 'python-generic-sdk/1.53.4',
        testFrameworkState: 'INIT_TEST',
        timestamp: '2026-07-27T19:20:52.821Z',
        uuid: '82623178-5f7b-4105-bab9-f18cfb1d878d',
        kind: 'TEST_LOG',
        message: '19:21:07 [INFO] --- Launching Execution Pipeline [opinion] ---',
        level: 'ERROR',
        test_run_uuid: '82623178-5f7b-4105-bab9-f18cfb1d878d'
      }
    ]
  },
  {
    event_type: 'LogCreated',
    logs: [
      {
        testFrameworkName: 'python-generic',
        testFrameworkVersion: 'python-generic-sdk/1.53.4',
        testFrameworkState: 'INIT_TEST',
        timestamp: '2026-07-27T19:20:52.821Z',
        uuid: '82623178-5f7b-4105-bab9-f18cfb1d878d',
        kind: 'TEST_LOG',
        message: '2026-07-27T19:21:07Z [BrowserStack_CE_Pipeline][INFO] - --- Launching Execution Pipeline [opinion] ---',
        level: 'INFO',
        test_run_uuid: '82623178-5f7b-4105-bab9-f18cfb1d878d'
      }
    ]
  },
  {
    event_type: 'LogCreated',
    logs: [
      {
        testFrameworkName: 'python-generic',
        testFrameworkVersion: 'python-generic-sdk/1.53.4',
        testFrameworkState: 'INIT_TEST',
        timestamp: '2026-07-27T19:20:52.821Z',
        uuid: '82623178-5f7b-4105-bab9-f18cfb1d878d',
        kind: 'TEST_LOG',
        message: '2026-07-27T19:21:07Z [BrowserStack_CE_Pipeline][INFO] - Navigating to El País section: https://elpais.com/opinion/',
        level: 'INFO',
        test_run_uuid: '82623178-5f7b-4105-bab9-f18cfb1d878d'
      }
    ]
  },
  {
    event_type: 'LogCreated',
    logs: [
      {
        testFrameworkName: 'python-generic',
        testFrameworkVersion: 'python-generic-sdk/1.53.4',
        testFrameworkState: 'INIT_TEST',
        timestamp: '2026-07-27T19:20:52.821Z',
        uuid: '82623178-5f7b-4105-bab9-f18cfb1d878d',
        kind: 'TEST_LOG',
        message: '19:21:07 [INFO] Navigating to El País section: https://elpais.com/opinion/',
        level: 'ERROR',
        test_run_uuid: '82623178-5f7b-4105-bab9-f18cfb1d878d'
      }
    ]
  }
] to 67176:0
2026-07-27T19:21:08.483Z CLI info  [ypludnbaxyot2ifcndag0ihq6bbxwfgauyexp7ea]  [cec4fdeb-4131-48ce-9133-47178bb9ebe8]  [PRODUCTION] Making POST request to https://collector-observability.browserstack.com
2026-07-27T19:21:11.756Z CLI info [testhub:request-queue-handler]  [ypludnbaxyot2ifcndag0ihq6bbxwfgauyexp7ea]  [cec4fdeb-4131-48ce-9133-47178bb9ebe8]  Added the event {
  event_type: 'LogCreated',
  logs: [
    {
      testFrameworkName: 'python-generic',
      testFrameworkVersion: 'python-generic-sdk/1.53.4',
      testFrameworkState: 'INIT_TEST',
      timestamp: '2026-07-27T19:20:52.784Z',
      uuid: '1bf4b18a-599b-4fcf-be12-2e9d47b9e23e',
      kind: 'TEST_LOG',
      message: "19:21:11 [INFO] Successfully scraped 5 articles from 'opinion'.",
      level: 'ERROR',
      test_run_uuid: '1bf4b18a-599b-4fcf-be12-2e9d47b9e23e'
    }
  ]
} to 67176:0
2026-07-27T19:21:11.760Z CLI info [testhub:request-queue-handler]  [ypludnbaxyot2ifcndag0ihq6bbxwfgauyexp7ea]  [cec4fdeb-4131-48ce-9133-47178bb9ebe8]  Added the event {
  event_type: 'LogCreated',
  logs: [
    {
      testFrameworkName: 'python-generic',
      testFrameworkVersion: 'python-generic-sdk/1.53.4',
      testFrameworkState: 'INIT_TEST',
      timestamp: '2026-07-27T19:20:52.784Z',
      uuid: '1bf4b18a-599b-4fcf-be12-2e9d47b9e23e',
      kind: 'TEST_LOG',
      message: "2026-07-27T19:21:11Z [BrowserStack_CE_Pipeline][INFO] - Successfully scraped 5 articles from 'opinion'.",
      level: 'INFO',
      test_run_uuid: '1bf4b18a-599b-4fcf-be12-2e9d47b9e23e'
    }
  ]
} to 67176:0
2026-07-27T19:21:12.390Z CLI info [testhub:request-queue-handler]  [ypludnbaxyot2ifcndag0ihq6bbxwfgauyexp7ea]  [cec4fdeb-4131-48ce-9133-47178bb9ebe8]  Added the event {
  event_type: 'LogCreated',
  logs: [
    {
      testFrameworkName: 'python-generic',
      testFrameworkVersion: 'python-generic-sdk/1.53.4',
      testFrameworkState: 'INIT_TEST',
      timestamp: '2026-07-27T19:20:52.763Z',
      uuid: '30a6e8b2-b75d-4794-9464-4f45d798564b',
      kind: 'TEST_LOG',
      message: '19:21:12 [INFO] Cookie consent dialog cleared.',
      level: 'ERROR',
      test_run_uuid: '30a6e8b2-b75d-4794-9464-4f45d798564b'
    }
  ]
} to 67176:0
2026-07-27T19:21:12.392Z CLI info [testhub:request-queue-handler]  [ypludnbaxyot2ifcndag0ihq6bbxwfgauyexp7ea]  [cec4fdeb-4131-48ce-9133-47178bb9ebe8]  Added the event {
  event_type: 'LogCreated',
  logs: [
    {
      testFrameworkName: 'python-generic',
      testFrameworkVersion: 'python-generic-sdk/1.53.4',
      testFrameworkState: 'INIT_TEST',
      timestamp: '2026-07-27T19:20:52.763Z',
      uuid: '30a6e8b2-b75d-4794-9464-4f45d798564b',
      kind: 'TEST_LOG',
      message: '2026-07-27T19:21:12Z [BrowserStack_CE_Pipeline][INFO] - Cookie consent dialog cleared.',
      level: 'INFO',
      test_run_uuid: '30a6e8b2-b75d-4794-9464-4f45d798564b'
    }
  ]
} to 67176:0
2026-07-27T19:21:12.484Z CLI info [testhub:request-queue-handler]  [ypludnbaxyot2ifcndag0ihq6bbxwfgauyexp7ea]  [cec4fdeb-4131-48ce-9133-47178bb9ebe8]  Processing batch event [
  {
    event_type: 'LogCreated',
    logs: [
      {
        testFrameworkName: 'python-generic',
        testFrameworkVersion: 'python-generic-sdk/1.53.4',
        testFrameworkState: 'INIT_TEST',
        timestamp: '2026-07-27T19:20:52.784Z',
        uuid: '1bf4b18a-599b-4fcf-be12-2e9d47b9e23e',
        kind: 'TEST_LOG',
        message: "19:21:11 [INFO] Successfully scraped 5 articles from 'opinion'.",
        level: 'ERROR',
        test_run_uuid: '1bf4b18a-599b-4fcf-be12-2e9d47b9e23e'
      }
    ]
  },
  {
    event_type: 'LogCreated',
    logs: [
      {
        testFrameworkName: 'python-generic',
        testFrameworkVersion: 'python-generic-sdk/1.53.4',
        testFrameworkState: 'INIT_TEST',
        timestamp: '2026-07-27T19:20:52.784Z',
        uuid: '1bf4b18a-599b-4fcf-be12-2e9d47b9e23e',
        kind: 'TEST_LOG',
        message: "2026-07-27T19:21:11Z [BrowserStack_CE_Pipeline][INFO] - Successfully scraped 5 articles from 'opinion'.",
        level: 'INFO',
        test_run_uuid: '1bf4b18a-599b-4fcf-be12-2e9d47b9e23e'
      }
    ]
  },
  {
    event_type: 'LogCreated',
    logs: [
      {
        testFrameworkName: 'python-generic',
        testFrameworkVersion: 'python-generic-sdk/1.53.4',
        testFrameworkState: 'INIT_TEST',
        timestamp: '2026-07-27T19:20:52.763Z',
        uuid: '30a6e8b2-b75d-4794-9464-4f45d798564b',
        kind: 'TEST_LOG',
        message: '19:21:12 [INFO] Cookie consent dialog cleared.',
        level: 'ERROR',
        test_run_uuid: '30a6e8b2-b75d-4794-9464-4f45d798564b'
      }
    ]
  },
  {
    event_type: 'LogCreated',
    logs: [
      {
        testFrameworkName: 'python-generic',
        testFrameworkVersion: 'python-generic-sdk/1.53.4',
        testFrameworkState: 'INIT_TEST',
        timestamp: '2026-07-27T19:20:52.763Z',
        uuid: '30a6e8b2-b75d-4794-9464-4f45d798564b',
        kind: 'TEST_LOG',
        message: '2026-07-27T19:21:12Z [BrowserStack_CE_Pipeline][INFO] - Cookie consent dialog cleared.',
        level: 'INFO',
        test_run_uuid: '30a6e8b2-b75d-4794-9464-4f45d798564b'
      }
    ]
  }
] to 67176:0
2026-07-27T19:21:12.485Z CLI info  [ypludnbaxyot2ifcndag0ihq6bbxwfgauyexp7ea]  [cec4fdeb-4131-48ce-9133-47178bb9ebe8]  [PRODUCTION] Making POST request to https://collector-observability.browserstack.com
2026-07-27T19:21:12.595Z CLI info [testhub:request-queue-handler]  [ypludnbaxyot2ifcndag0ihq6bbxwfgauyexp7ea]  [cec4fdeb-4131-48ce-9133-47178bb9ebe8]  Added the event {
  event_type: 'LogCreated',
  logs: [
    {
      testFrameworkName: 'python-generic',
      testFrameworkVersion: 'python-generic-sdk/1.53.4',
      testFrameworkState: 'INIT_TEST',
      timestamp: '2026-07-27T19:20:52.763Z',
      uuid: '30a6e8b2-b75d-4794-9464-4f45d798564b',
      kind: 'TEST_LOG',
      message: "19:21:12 [INFO] HTML lang attribute verified: 'es-ES'",
      level: 'ERROR',
      test_run_uuid: '30a6e8b2-b75d-4794-9464-4f45d798564b'
    }
  ]
} to 67176:0
2026-07-27T19:21:12.597Z CLI info [testhub:request-queue-handler]  [ypludnbaxyot2ifcndag0ihq6bbxwfgauyexp7ea]  [cec4fdeb-4131-48ce-9133-47178bb9ebe8]  Added the event {
  event_type: 'LogCreated',
  logs: [
    {
      testFrameworkName: 'python-generic',
      testFrameworkVersion: 'python-generic-sdk/1.53.4',
      testFrameworkState: 'INIT_TEST',
      timestamp: '2026-07-27T19:20:52.763Z',
      uuid: '30a6e8b2-b75d-4794-9464-4f45d798564b',
      kind: 'TEST_LOG',
      message: "2026-07-27T19:21:12Z [BrowserStack_CE_Pipeline][INFO] - HTML lang attribute verified: 'es-ES'",
      level: 'INFO',
      test_run_uuid: '30a6e8b2-b75d-4794-9464-4f45d798564b'
    }
  ]
} to 67176:0
2026-07-27T19:21:13.622Z CLI info [testhub:request-queue-handler]  [ypludnbaxyot2ifcndag0ihq6bbxwfgauyexp7ea]  [cec4fdeb-4131-48ce-9133-47178bb9ebe8]  Added the event {
  event_type: 'LogCreated',
  logs: [
    {
      testFrameworkName: 'python-generic',
      testFrameworkVersion: 'python-generic-sdk/1.53.4',
      testFrameworkState: 'INIT_TEST',
      timestamp: '2026-07-27T19:20:52.926Z',
      uuid: '10e57b71-8a6f-495e-8b1d-996a48a9c47f',
      kind: 'TEST_LOG',
      message: '19:21:13 [INFO] --- Launching Execution Pipeline [opinion] ---',
      level: 'ERROR',
      test_run_uuid: '10e57b71-8a6f-495e-8b1d-996a48a9c47f'
    }
  ]
} to 67176:0
2026-07-27T19:21:13.624Z CLI info [testhub:request-queue-handler]  [ypludnbaxyot2ifcndag0ihq6bbxwfgauyexp7ea]  [cec4fdeb-4131-48ce-9133-47178bb9ebe8]  Added the event {
  event_type: 'LogCreated',
  logs: [
    {
      testFrameworkName: 'python-generic',
      testFrameworkVersion: 'python-generic-sdk/1.53.4',
      testFrameworkState: 'INIT_TEST',
      timestamp: '2026-07-27T19:20:52.926Z',
      uuid: '10e57b71-8a6f-495e-8b1d-996a48a9c47f',
      kind: 'TEST_LOG',
      message: '2026-07-27T19:21:13Z [BrowserStack_CE_Pipeline][INFO] - --- Launching Execution Pipeline [opinion] ---',
      level: 'INFO',
      test_run_uuid: '10e57b71-8a6f-495e-8b1d-996a48a9c47f'
    }
  ]
} to 67176:0
2026-07-27T19:21:13.626Z CLI info [testhub:request-queue-handler]  [ypludnbaxyot2ifcndag0ihq6bbxwfgauyexp7ea]  [cec4fdeb-4131-48ce-9133-47178bb9ebe8]  Added the event {
  event_type: 'LogCreated',
  logs: [
    {
      testFrameworkName: 'python-generic',
      testFrameworkVersion: 'python-generic-sdk/1.53.4',
      testFrameworkState: 'INIT_TEST',
      timestamp: '2026-07-27T19:20:52.926Z',
      uuid: '10e57b71-8a6f-495e-8b1d-996a48a9c47f',
      kind: 'TEST_LOG',
      message: '19:21:13 [INFO] Navigating to El País section: https://elpais.com/opinion/',
      level: 'ERROR',
      test_run_uuid: '10e57b71-8a6f-495e-8b1d-996a48a9c47f'
    }
  ]
} to 67176:0
2026-07-27T19:21:13.627Z CLI info [testhub:request-queue-handler]  [ypludnbaxyot2ifcndag0ihq6bbxwfgauyexp7ea]  [cec4fdeb-4131-48ce-9133-47178bb9ebe8]  Added the event {
  event_type: 'LogCreated',
  logs: [
    {
      testFrameworkName: 'python-generic',
      testFrameworkVersion: 'python-generic-sdk/1.53.4',
      testFrameworkState: 'INIT_TEST',
      timestamp: '2026-07-27T19:20:52.926Z',
      uuid: '10e57b71-8a6f-495e-8b1d-996a48a9c47f',
      kind: 'TEST_LOG',
      message: '2026-07-27T19:21:13Z [BrowserStack_CE_Pipeline][INFO] - Navigating to El País section: https://elpais.com/opinion/',
      level: 'INFO',
      test_run_uuid: '10e57b71-8a6f-495e-8b1d-996a48a9c47f'
    }
  ]
} to 67176:0
2026-07-27T19:21:14.057Z CLI info [testhub:request-queue-handler]  [ypludnbaxyot2ifcndag0ihq6bbxwfgauyexp7ea]  [cec4fdeb-4131-48ce-9133-47178bb9ebe8]  Added the event {
  event_type: 'LogCreated',
  logs: [
    {
      testFrameworkName: 'python-generic',
      testFrameworkVersion: 'python-generic-sdk/1.53.4',
      testFrameworkState: 'INIT_TEST',
      timestamp: '2026-07-27T19:20:52.784Z',
      uuid: '1bf4b18a-599b-4fcf-be12-2e9d47b9e23e',
      kind: 'TEST_LOG',
      message: '19:21:14 [INFO] Analyzed 23 total words across headers. Found 1 repeated > 2 times.',
      level: 'ERROR',
      test_run_uuid: '1bf4b18a-599b-4fcf-be12-2e9d47b9e23e'
    }
  ]
} to 67176:0
2026-07-27T19:21:14.060Z CLI info [testhub:request-queue-handler]  [ypludnbaxyot2ifcndag0ihq6bbxwfgauyexp7ea]  [cec4fdeb-4131-48ce-9133-47178bb9ebe8]  Added the event {
  event_type: 'LogCreated',
  logs: [
    {
      testFrameworkName: 'python-generic',
      testFrameworkVersion: 'python-generic-sdk/1.53.4',
      testFrameworkState: 'INIT_TEST',
      timestamp: '2026-07-27T19:20:52.784Z',
      uuid: '1bf4b18a-599b-4fcf-be12-2e9d47b9e23e',
      kind: 'TEST_LOG',
      message: '2026-07-27T19:21:14Z [BrowserStack_CE_Pipeline][INFO] - Analyzed 23 total words across headers. Found 1 repeated > 2 times.',
      level: 'INFO',
      test_run_uuid: '1bf4b18a-599b-4fcf-be12-2e9d47b9e23e'
    }
  ]
} to 67176:0
2026-07-27T19:21:14.061Z CLI info [testhub:request-queue-handler]  [ypludnbaxyot2ifcndag0ihq6bbxwfgauyexp7ea]  [cec4fdeb-4131-48ce-9133-47178bb9ebe8]  Added the event {
  event_type: 'LogCreated',
  logs: [
    {
      testFrameworkName: 'python-generic',
      testFrameworkVersion: 'python-generic-sdk/1.53.4',
      testFrameworkState: 'INIT_TEST',
      timestamp: '2026-07-27T19:20:52.784Z',
      uuid: '1bf4b18a-599b-4fcf-be12-2e9d47b9e23e',
      kind: 'TEST_LOG',
      message: '19:21:14 [INFO] --- Pipeline Execution Complete ---',
      level: 'ERROR',
      test_run_uuid: '1bf4b18a-599b-4fcf-be12-2e9d47b9e23e'
    }
  ]
} to 67176:0
2026-07-27T19:21:14.062Z CLI info [testhub:request-queue-handler]  [ypludnbaxyot2ifcndag0ihq6bbxwfgauyexp7ea]  [cec4fdeb-4131-48ce-9133-47178bb9ebe8]  Added the event {
  event_type: 'LogCreated',
  logs: [
    {
      testFrameworkName: 'python-generic',
      testFrameworkVersion: 'python-generic-sdk/1.53.4',
      testFrameworkState: 'INIT_TEST',
      timestamp: '2026-07-27T19:20:52.784Z',
      uuid: '1bf4b18a-599b-4fcf-be12-2e9d47b9e23e',
      kind: 'TEST_LOG',
      message: '2026-07-27T19:21:14Z [BrowserStack_CE_Pipeline][INFO] - --- Pipeline Execution Complete ---',
      level: 'INFO',
      test_run_uuid: '1bf4b18a-599b-4fcf-be12-2e9d47b9e23e'
    }
  ]
} to 67176:0
2026-07-27T19:21:14.070Z CLI info [testhub:request-queue-handler]  [ypludnbaxyot2ifcndag0ihq6bbxwfgauyexp7ea]  [cec4fdeb-4131-48ce-9133-47178bb9ebe8]  Added the event {
  event_type: 'LogCreated',
  logs: [
    {
      testFrameworkName: 'python-generic',
      testFrameworkVersion: 'python-generic-sdk/1.53.4',
      testFrameworkState: 'INIT_TEST',
      timestamp: '2026-07-27T19:20:52.784Z',
      uuid: '1bf4b18a-599b-4fcf-be12-2e9d47b9e23e',
      kind: 'TEST_LOG',
      message: '19:21:14 [INFO] JSON Report exported to: output/report_BrowserStack_SDK_Run.json',
      level: 'ERROR',
      test_run_uuid: '1bf4b18a-599b-4fcf-be12-2e9d47b9e23e'
    }
  ]
} to 67176:0
2026-07-27T19:21:14.073Z CLI info [testhub:request-queue-handler]  [ypludnbaxyot2ifcndag0ihq6bbxwfgauyexp7ea]  [cec4fdeb-4131-48ce-9133-47178bb9ebe8]  Added the event {
  event_type: 'LogCreated',
  logs: [
    {
      testFrameworkName: 'python-generic',
      testFrameworkVersion: 'python-generic-sdk/1.53.4',
      testFrameworkState: 'INIT_TEST',
      timestamp: '2026-07-27T19:20:52.784Z',
      uuid: '1bf4b18a-599b-4fcf-be12-2e9d47b9e23e',
      kind: 'TEST_LOG',
      message: '2026-07-27T19:21:14Z [BrowserStack_CE_Pipeline][INFO] - JSON Report exported to: output/report_BrowserStack_SDK_Run.json',
      level: 'INFO',
      test_run_uuid: '1bf4b18a-599b-4fcf-be12-2e9d47b9e23e'
    }
  ]
} to 67176:0
2026-07-27T19:21:14.074Z CLI info [testhub:request-queue-handler]  [ypludnbaxyot2ifcndag0ihq6bbxwfgauyexp7ea]  [cec4fdeb-4131-48ce-9133-47178bb9ebe8]  Added the event {
  event_type: 'LogCreated',
  logs: [
    {
      testFrameworkName: 'python-generic',
      testFrameworkVersion: 'python-generic-sdk/1.53.4',
      testFrameworkState: 'INIT_TEST',
      timestamp: '2026-07-27T19:20:52.784Z',
      uuid: '1bf4b18a-599b-4fcf-be12-2e9d47b9e23e',
      kind: 'TEST_LOG',
      message: '19:21:14 [INFO] Summary Report exported to: output/report_summary.txt',
      level: 'ERROR',
      test_run_uuid: '1bf4b18a-599b-4fcf-be12-2e9d47b9e23e'
    }
  ]
} to 67176:0
2026-07-27T19:21:14.076Z CLI info [testhub:request-queue-handler]  [ypludnbaxyot2ifcndag0ihq6bbxwfgauyexp7ea]  [cec4fdeb-4131-48ce-9133-47178bb9ebe8]  Added the event {
  event_type: 'LogCreated',
  logs: [
    {
      testFrameworkName: 'python-generic',
      testFrameworkVersion: 'python-generic-sdk/1.53.4',
      testFrameworkState: 'INIT_TEST',
      timestamp: '2026-07-27T19:20:52.784Z',
      uuid: '1bf4b18a-599b-4fcf-be12-2e9d47b9e23e',
      kind: 'TEST_LOG',
      message: '2026-07-27T19:21:14Z [BrowserStack_CE_Pipeline][INFO] - Summary Report exported to: output/report_summary.txt',
      level: 'INFO',
      test_run_uuid: '1bf4b18a-599b-4fcf-be12-2e9d47b9e23e'
    }
  ]
} to 67176:0
2026-07-27T19:21:14.080Z CLI info [testhub:request-queue-handler]  [ypludnbaxyot2ifcndag0ihq6bbxwfgauyexp7ea]  [cec4fdeb-4131-48ce-9133-47178bb9ebe8]  Added the event {
  event_type: 'LogCreated',
  logs: [
    {
      testFrameworkName: 'python-generic',
      testFrameworkVersion: 'python-generic-sdk/1.53.4',
      testFrameworkState: 'INIT_TEST',
      timestamp: '2026-07-27T19:20:52.784Z',
      uuid: '1bf4b18a-599b-4fcf-be12-2e9d47b9e23e',
      kind: 'TEST_LOG',
      message: '19:21:14 [INFO] ✅ Execution completed successfully!',
      level: 'ERROR',
      test_run_uuid: '1bf4b18a-599b-4fcf-be12-2e9d47b9e23e'
    }
  ]
} to 67176:0
2026-07-27T19:21:14.084Z CLI info [testhub:request-queue-handler]  [ypludnbaxyot2ifcndag0ihq6bbxwfgauyexp7ea]  [cec4fdeb-4131-48ce-9133-47178bb9ebe8]  Added the event {
  event_type: 'LogCreated',
  logs: [
    {
      testFrameworkName: 'python-generic',
      testFrameworkVersion: 'python-generic-sdk/1.53.4',
      testFrameworkState: 'INIT_TEST',
      timestamp: '2026-07-27T19:20:52.784Z',
      uuid: '1bf4b18a-599b-4fcf-be12-2e9d47b9e23e',
      kind: 'TEST_LOG',
      message: '2026-07-27T19:21:14Z [BrowserStack_CE_Pipeline][INFO] - ✅ Execution completed successfully!',
      level: 'INFO',
      test_run_uuid: '1bf4b18a-599b-4fcf-be12-2e9d47b9e23e'
    }
  ]
} to 67176:0
2026-07-27T19:21:14.108Z CLI info [testhub:request-queue-handler]  [ypludnbaxyot2ifcndag0ihq6bbxwfgauyexp7ea]  [cec4fdeb-4131-48ce-9133-47178bb9ebe8]  Added the event {
  event_type: 'LogCreated',
  logs: [
    {
      testFrameworkName: 'python-generic',
      testFrameworkVersion: 'python-generic-sdk/1.53.4',
      testFrameworkState: 'INIT_TEST',
      timestamp: '2026-07-27T19:20:52.994Z',
      uuid: '0f6a8a62-c652-407e-841c-862fce9c2602',
      kind: 'TEST_LOG',
      message: '19:21:14 [INFO] --- Launching Execution Pipeline [opinion] ---',
      level: 'ERROR',
      test_run_uuid: '0f6a8a62-c652-407e-841c-862fce9c2602'
    }
  ]
} to 67176:0
2026-07-27T19:21:14.112Z CLI info [testhub:request-queue-handler]  [ypludnbaxyot2ifcndag0ihq6bbxwfgauyexp7ea]  [cec4fdeb-4131-48ce-9133-47178bb9ebe8]  Added the event {
  event_type: 'LogCreated',
  logs: [
    {
      testFrameworkName: 'python-generic',
      testFrameworkVersion: 'python-generic-sdk/1.53.4',
      testFrameworkState: 'INIT_TEST',
      timestamp: '2026-07-27T19:20:52.994Z',
      uuid: '0f6a8a62-c652-407e-841c-862fce9c2602',
      kind: 'TEST_LOG',
      message: '2026-07-27T19:21:14Z [BrowserStack_CE_Pipeline][INFO] - --- Launching Execution Pipeline [opinion] ---',
      level: 'INFO',
      test_run_uuid: '0f6a8a62-c652-407e-841c-862fce9c2602'
    }
  ]
} to 67176:0
2026-07-27T19:21:14.113Z CLI info [testhub:request-queue-handler]  [ypludnbaxyot2ifcndag0ihq6bbxwfgauyexp7ea]  [cec4fdeb-4131-48ce-9133-47178bb9ebe8]  Added the event {
  event_type: 'LogCreated',
  logs: [
    {
      testFrameworkName: 'python-generic',
      testFrameworkVersion: 'python-generic-sdk/1.53.4',
      testFrameworkState: 'INIT_TEST',
      timestamp: '2026-07-27T19:20:52.994Z',
      uuid: '0f6a8a62-c652-407e-841c-862fce9c2602',
      kind: 'TEST_LOG',
      message: '19:21:14 [INFO] Navigating to El País section: https://elpais.com/opinion/',
      level: 'ERROR',
      test_run_uuid: '0f6a8a62-c652-407e-841c-862fce9c2602'
    }
  ]
} to 67176:0
2026-07-27T19:21:14.115Z CLI info [testhub:request-queue-handler]  [ypludnbaxyot2ifcndag0ihq6bbxwfgauyexp7ea]  [cec4fdeb-4131-48ce-9133-47178bb9ebe8]  Added the event {
  event_type: 'LogCreated',
  logs: [
    {
      testFrameworkName: 'python-generic',
      testFrameworkVersion: 'python-generic-sdk/1.53.4',
      testFrameworkState: 'INIT_TEST',
      timestamp: '2026-07-27T19:20:52.994Z',
      uuid: '0f6a8a62-c652-407e-841c-862fce9c2602',
      kind: 'TEST_LOG',
      message: '2026-07-27T19:21:14Z [BrowserStack_CE_Pipeline][INFO] - Navigating to El País section: https://elpais.com/opinion/',
      level: 'INFO',
      test_run_uuid: '0f6a8a62-c652-407e-841c-862fce9c2602'
    }
  ]
} to 67176:0
2026-07-27T19:21:14.484Z CLI info [testhub:request-queue-handler]  [ypludnbaxyot2ifcndag0ihq6bbxwfgauyexp7ea]  [cec4fdeb-4131-48ce-9133-47178bb9ebe8]  Processing batch event [
  {
    event_type: 'LogCreated',
    logs: [
      {
        testFrameworkName: 'python-generic',
        testFrameworkVersion: 'python-generic-sdk/1.53.4',
        testFrameworkState: 'INIT_TEST',
        timestamp: '2026-07-27T19:20:52.763Z',
        uuid: '30a6e8b2-b75d-4794-9464-4f45d798564b',
        kind: 'TEST_LOG',
        message: "19:21:12 [INFO] HTML lang attribute verified: 'es-ES'",
        level: 'ERROR',
        test_run_uuid: '30a6e8b2-b75d-4794-9464-4f45d798564b'
      }
    ]
  },
  {
    event_type: 'LogCreated',
    logs: [
      {
        testFrameworkName: 'python-generic',
        testFrameworkVersion: 'python-generic-sdk/1.53.4',
        testFrameworkState: 'INIT_TEST',
        timestamp: '2026-07-27T19:20:52.763Z',
        uuid: '30a6e8b2-b75d-4794-9464-4f45d798564b',
        kind: 'TEST_LOG',
        message: "2026-07-27T19:21:12Z [BrowserStack_CE_Pipeline][INFO] - HTML lang attribute verified: 'es-ES'",
        level: 'INFO',
        test_run_uuid: '30a6e8b2-b75d-4794-9464-4f45d798564b'
      }
    ]
  },
  {
    event_type: 'LogCreated',
    logs: [
      {
        testFrameworkName: 'python-generic',
        testFrameworkVersion: 'python-generic-sdk/1.53.4',
        testFrameworkState: 'INIT_TEST',
        timestamp: '2026-07-27T19:20:52.926Z',
        uuid: '10e57b71-8a6f-495e-8b1d-996a48a9c47f',
        kind: 'TEST_LOG',
        message: '19:21:13 [INFO] --- Launching Execution Pipeline [opinion] ---',
        level: 'ERROR',
        test_run_uuid: '10e57b71-8a6f-495e-8b1d-996a48a9c47f'
      }
    ]
  },
  {
    event_type: 'LogCreated',
    logs: [
      {
        testFrameworkName: 'python-generic',
        testFrameworkVersion: 'python-generic-sdk/1.53.4',
        testFrameworkState: 'INIT_TEST',
        timestamp: '2026-07-27T19:20:52.926Z',
        uuid: '10e57b71-8a6f-495e-8b1d-996a48a9c47f',
        kind: 'TEST_LOG',
        message: '2026-07-27T19:21:13Z [BrowserStack_CE_Pipeline][INFO] - --- Launching Execution Pipeline [opinion] ---',
        level: 'INFO',
        test_run_uuid: '10e57b71-8a6f-495e-8b1d-996a48a9c47f'
      }
    ]
  },
  {
    event_type: 'LogCreated',
    logs: [
      {
        testFrameworkName: 'python-generic',
        testFrameworkVersion: 'python-generic-sdk/1.53.4',
        testFrameworkState: 'INIT_TEST',
        timestamp: '2026-07-27T19:20:52.926Z',
        uuid: '10e57b71-8a6f-495e-8b1d-996a48a9c47f',
        kind: 'TEST_LOG',
        message: '19:21:13 [INFO] Navigating to El País section: https://elpais.com/opinion/',
        level: 'ERROR',
        test_run_uuid: '10e57b71-8a6f-495e-8b1d-996a48a9c47f'
      }
    ]
  },
  {
    event_type: 'LogCreated',
    logs: [
      {
        testFrameworkName: 'python-generic',
        testFrameworkVersion: 'python-generic-sdk/1.53.4',
        testFrameworkState: 'INIT_TEST',
        timestamp: '2026-07-27T19:20:52.926Z',
        uuid: '10e57b71-8a6f-495e-8b1d-996a48a9c47f',
        kind: 'TEST_LOG',
        message: '2026-07-27T19:21:13Z [BrowserStack_CE_Pipeline][INFO] - Navigating to El País section: https://elpais.com/opinion/',
        level: 'INFO',
        test_run_uuid: '10e57b71-8a6f-495e-8b1d-996a48a9c47f'
      }
    ]
  },
  {
    event_type: 'LogCreated',
    logs: [
      {
        testFrameworkName: 'python-generic',
        testFrameworkVersion: 'python-generic-sdk/1.53.4',
        testFrameworkState: 'INIT_TEST',
        timestamp: '2026-07-27T19:20:52.784Z',
        uuid: '1bf4b18a-599b-4fcf-be12-2e9d47b9e23e',
        kind: 'TEST_LOG',
        message: '19:21:14 [INFO] Analyzed 23 total words across headers. Found 1 repeated > 2 times.',
        level: 'ERROR',
        test_run_uuid: '1bf4b18a-599b-4fcf-be12-2e9d47b9e23e'
      }
    ]
  },
  {
    event_type: 'LogCreated',
    logs: [
      {
        testFrameworkName: 'python-generic',
        testFrameworkVersion: 'python-generic-sdk/1.53.4',
        testFrameworkState: 'INIT_TEST',
        timestamp: '2026-07-27T19:20:52.784Z',
        uuid: '1bf4b18a-599b-4fcf-be12-2e9d47b9e23e',
        kind: 'TEST_LOG',
        message: '2026-07-27T19:21:14Z [BrowserStack_CE_Pipeline][INFO] - Analyzed 23 total words across headers. Found 1 repeated > 2 times.',
        level: 'INFO',
        test_run_uuid: '1bf4b18a-599b-4fcf-be12-2e9d47b9e23e'
      }
    ]
  },
  {
    event_type: 'LogCreated',
    logs: [
      {
        testFrameworkName: 'python-generic',
        testFrameworkVersion: 'python-generic-sdk/1.53.4',
        testFrameworkState: 'INIT_TEST',
        timestamp: '2026-07-27T19:20:52.784Z',
        uuid: '1bf4b18a-599b-4fcf-be12-2e9d47b9e23e',
        kind: 'TEST_LOG',
        message: '19:21:14 [INFO] --- Pipeline Execution Complete ---',
        level: 'ERROR',
        test_run_uuid: '1bf4b18a-599b-4fcf-be12-2e9d47b9e23e'
      }
    ]
  },
  {
    event_type: 'LogCreated',
    logs: [
      {
        testFrameworkName: 'python-generic',
        testFrameworkVersion: 'python-generic-sdk/1.53.4',
        testFrameworkState: 'INIT_TEST',
        timestamp: '2026-07-27T19:20:52.784Z',
        uuid: '1bf4b18a-599b-4fcf-be12-2e9d47b9e23e',
        kind: 'TEST_LOG',
        message: '2026-07-27T19:21:14Z [BrowserStack_CE_Pipeline][INFO] - --- Pipeline Execution Complete ---',
        level: 'INFO',
        test_run_uuid: '1bf4b18a-599b-4fcf-be12-2e9d47b9e23e'
      }
    ]
  },
  {
    event_type: 'LogCreated',
    logs: [
      {
        testFrameworkName: 'python-generic',
        testFrameworkVersion: 'python-generic-sdk/1.53.4',
        testFrameworkState: 'INIT_TEST',
        timestamp: '2026-07-27T19:20:52.784Z',
        uuid: '1bf4b18a-599b-4fcf-be12-2e9d47b9e23e',
        kind: 'TEST_LOG',
        message: '19:21:14 [INFO] JSON Report exported to: output/report_BrowserStack_SDK_Run.json',
        level: 'ERROR',
        test_run_uuid: '1bf4b18a-599b-4fcf-be12-2e9d47b9e23e'
      }
    ]
  },
  {
    event_type: 'LogCreated',
    logs: [
      {
        testFrameworkName: 'python-generic',
        testFrameworkVersion: 'python-generic-sdk/1.53.4',
        testFrameworkState: 'INIT_TEST',
        timestamp: '2026-07-27T19:20:52.784Z',
        uuid: '1bf4b18a-599b-4fcf-be12-2e9d47b9e23e',
        kind: 'TEST_LOG',
        message: '2026-07-27T19:21:14Z [BrowserStack_CE_Pipeline][INFO] - JSON Report exported to: output/report_BrowserStack_SDK_Run.json',
        level: 'INFO',
        test_run_uuid: '1bf4b18a-599b-4fcf-be12-2e9d47b9e23e'
      }
    ]
  },
  {
    event_type: 'LogCreated',
    logs: [
      {
        testFrameworkName: 'python-generic',
        testFrameworkVersion: 'python-generic-sdk/1.53.4',
        testFrameworkState: 'INIT_TEST',
        timestamp: '2026-07-27T19:20:52.784Z',
        uuid: '1bf4b18a-599b-4fcf-be12-2e9d47b9e23e',
        kind: 'TEST_LOG',
        message: '19:21:14 [INFO] Summary Report exported to: output/report_summary.txt',
        level: 'ERROR',
        test_run_uuid: '1bf4b18a-599b-4fcf-be12-2e9d47b9e23e'
      }
    ]
  },
  {
    event_type: 'LogCreated',
    logs: [
      {
        testFrameworkName: 'python-generic',
        testFrameworkVersion: 'python-generic-sdk/1.53.4',
        testFrameworkState: 'INIT_TEST',
        timestamp: '2026-07-27T19:20:52.784Z',
        uuid: '1bf4b18a-599b-4fcf-be12-2e9d47b9e23e',
        kind: 'TEST_LOG',
        message: '2026-07-27T19:21:14Z [BrowserStack_CE_Pipeline][INFO] - Summary Report exported to: output/report_summary.txt',
        level: 'INFO',
        test_run_uuid: '1bf4b18a-599b-4fcf-be12-2e9d47b9e23e'
      }
    ]
  },
  {
    event_type: 'LogCreated',
    logs: [
      {
        testFrameworkName: 'python-generic',
        testFrameworkVersion: 'python-generic-sdk/1.53.4',
        testFrameworkState: 'INIT_TEST',
        timestamp: '2026-07-27T19:20:52.784Z',
        uuid: '1bf4b18a-599b-4fcf-be12-2e9d47b9e23e',
        kind: 'TEST_LOG',
        message: '19:21:14 [INFO] ✅ Execution completed successfully!',
        level: 'ERROR',
        test_run_uuid: '1bf4b18a-599b-4fcf-be12-2e9d47b9e23e'
      }
    ]
  },
  {
    event_type: 'LogCreated',
    logs: [
      {
        testFrameworkName: 'python-generic',
        testFrameworkVersion: 'python-generic-sdk/1.53.4',
        testFrameworkState: 'INIT_TEST',
        timestamp: '2026-07-27T19:20:52.784Z',
        uuid: '1bf4b18a-599b-4fcf-be12-2e9d47b9e23e',
        kind: 'TEST_LOG',
        message: '2026-07-27T19:21:14Z [BrowserStack_CE_Pipeline][INFO] - ✅ Execution completed successfully!',
        level: 'INFO',
        test_run_uuid: '1bf4b18a-599b-4fcf-be12-2e9d47b9e23e'
      }
    ]
  },
  {
    event_type: 'LogCreated',
    logs: [
      {
        testFrameworkName: 'python-generic',
        testFrameworkVersion: 'python-generic-sdk/1.53.4',
        testFrameworkState: 'INIT_TEST',
        timestamp: '2026-07-27T19:20:52.994Z',
        uuid: '0f6a8a62-c652-407e-841c-862fce9c2602',
        kind: 'TEST_LOG',
        message: '19:21:14 [INFO] --- Launching Execution Pipeline [opinion] ---',
        level: 'ERROR',
        test_run_uuid: '0f6a8a62-c652-407e-841c-862fce9c2602'
      }
    ]
  },
  {
    event_type: 'LogCreated',
    logs: [
      {
        testFrameworkName: 'python-generic',
        testFrameworkVersion: 'python-generic-sdk/1.53.4',
        testFrameworkState: 'INIT_TEST',
        timestamp: '2026-07-27T19:20:52.994Z',
        uuid: '0f6a8a62-c652-407e-841c-862fce9c2602',
        kind: 'TEST_LOG',
        message: '2026-07-27T19:21:14Z [BrowserStack_CE_Pipeline][INFO] - --- Launching Execution Pipeline [opinion] ---',
        level: 'INFO',
        test_run_uuid: '0f6a8a62-c652-407e-841c-862fce9c2602'
      }
    ]
  },
  {
    event_type: 'LogCreated',
    logs: [
      {
        testFrameworkName: 'python-generic',
        testFrameworkVersion: 'python-generic-sdk/1.53.4',
        testFrameworkState: 'INIT_TEST',
        timestamp: '2026-07-27T19:20:52.994Z',
        uuid: '0f6a8a62-c652-407e-841c-862fce9c2602',
        kind: 'TEST_LOG',
        message: '19:21:14 [INFO] Navigating to El País section: https://elpais.com/opinion/',
        level: 'ERROR',
        test_run_uuid: '0f6a8a62-c652-407e-841c-862fce9c2602'
      }
    ]
  },
  {
    event_type: 'LogCreated',
    logs: [
      {
        testFrameworkName: 'python-generic',
        testFrameworkVersion: 'python-generic-sdk/1.53.4',
        testFrameworkState: 'INIT_TEST',
        timestamp: '2026-07-27T19:20:52.994Z',
        uuid: '0f6a8a62-c652-407e-841c-862fce9c2602',
        kind: 'TEST_LOG',
        message: '2026-07-27T19:21:14Z [BrowserStack_CE_Pipeline][INFO] - Navigating to El País section: https://elpais.com/opinion/',
        level: 'INFO',
        test_run_uuid: '0f6a8a62-c652-407e-841c-862fce9c2602'
      }
    ]
  }
] to 67176:0
2026-07-27T19:21:14.485Z CLI info  [ypludnbaxyot2ifcndag0ihq6bbxwfgauyexp7ea]  [cec4fdeb-4131-48ce-9133-47178bb9ebe8]  [PRODUCTION] Making POST request to https://collector-observability.browserstack.com
2026-07-27T19:21:15.719Z CLI info [testhub:request-queue-handler]  [ypludnbaxyot2ifcndag0ihq6bbxwfgauyexp7ea]  [cec4fdeb-4131-48ce-9133-47178bb9ebe8]  Added the event {
  event_type: 'LogCreated',
  logs: [
    {
      testFrameworkName: 'python-generic',
      testFrameworkVersion: 'python-generic-sdk/1.53.4',
      testFrameworkState: 'INIT_TEST',
      timestamp: '2026-07-27T19:20:52.763Z',
      uuid: '30a6e8b2-b75d-4794-9464-4f45d798564b',
      kind: 'TEST_LOG',
      message: "19:21:15 [INFO] Successfully scraped 5 articles from 'opinion'.",
      level: 'ERROR',
      test_run_uuid: '30a6e8b2-b75d-4794-9464-4f45d798564b'
    }
  ]
} to 67176:0
2026-07-27T19:21:15.722Z CLI info [testhub:request-queue-handler]  [ypludnbaxyot2ifcndag0ihq6bbxwfgauyexp7ea]  [cec4fdeb-4131-48ce-9133-47178bb9ebe8]  Added the event {
  event_type: 'LogCreated',
  logs: [
    {
      testFrameworkName: 'python-generic',
      testFrameworkVersion: 'python-generic-sdk/1.53.4',
      testFrameworkState: 'INIT_TEST',
      timestamp: '2026-07-27T19:20:52.763Z',
      uuid: '30a6e8b2-b75d-4794-9464-4f45d798564b',
      kind: 'TEST_LOG',
      message: "2026-07-27T19:21:15Z [BrowserStack_CE_Pipeline][INFO] - Successfully scraped 5 articles from 'opinion'.",
      level: 'INFO',
      test_run_uuid: '30a6e8b2-b75d-4794-9464-4f45d798564b'
    }
  ]
} to 67176:0
2026-07-27T19:21:16.483Z CLI info [testhub:request-queue-handler]  [ypludnbaxyot2ifcndag0ihq6bbxwfgauyexp7ea]  [cec4fdeb-4131-48ce-9133-47178bb9ebe8]  Processing batch event [
  {
    event_type: 'LogCreated',
    logs: [
      {
        testFrameworkName: 'python-generic',
        testFrameworkVersion: 'python-generic-sdk/1.53.4',
        testFrameworkState: 'INIT_TEST',
        timestamp: '2026-07-27T19:20:52.763Z',
        uuid: '30a6e8b2-b75d-4794-9464-4f45d798564b',
        kind: 'TEST_LOG',
        message: "19:21:15 [INFO] Successfully scraped 5 articles from 'opinion'.",
        level: 'ERROR',
        test_run_uuid: '30a6e8b2-b75d-4794-9464-4f45d798564b'
      }
    ]
  },
  {
    event_type: 'LogCreated',
    logs: [
      {
        testFrameworkName: 'python-generic',
        testFrameworkVersion: 'python-generic-sdk/1.53.4',
        testFrameworkState: 'INIT_TEST',
        timestamp: '2026-07-27T19:20:52.763Z',
        uuid: '30a6e8b2-b75d-4794-9464-4f45d798564b',
        kind: 'TEST_LOG',
        message: "2026-07-27T19:21:15Z [BrowserStack_CE_Pipeline][INFO] - Successfully scraped 5 articles from 'opinion'.",
        level: 'INFO',
        test_run_uuid: '30a6e8b2-b75d-4794-9464-4f45d798564b'
      }
    ]
  }
] to 67176:0
2026-07-27T19:21:16.484Z CLI info  [ypludnbaxyot2ifcndag0ihq6bbxwfgauyexp7ea]  [cec4fdeb-4131-48ce-9133-47178bb9ebe8]  [PRODUCTION] Making POST request to https://collector-observability.browserstack.com
2026-07-27T19:21:17.610Z CLI info [testhub:request-queue-handler]  [ypludnbaxyot2ifcndag0ihq6bbxwfgauyexp7ea]  [cec4fdeb-4131-48ce-9133-47178bb9ebe8]  Added the event {
  event_type: 'LogCreated',
  logs: [
    {
      testFrameworkName: 'python-generic',
      testFrameworkVersion: 'python-generic-sdk/1.53.4',
      testFrameworkState: 'INIT_TEST',
      timestamp: '2026-07-27T19:20:52.763Z',
      uuid: '30a6e8b2-b75d-4794-9464-4f45d798564b',
      kind: 'TEST_LOG',
      message: '19:21:17 [INFO] Analyzed 23 total words across headers. Found 1 repeated > 2 times.',
      level: 'ERROR',
      test_run_uuid: '30a6e8b2-b75d-4794-9464-4f45d798564b'
    }
  ]
} to 67176:0
2026-07-27T19:21:17.611Z CLI info [testhub:request-queue-handler]  [ypludnbaxyot2ifcndag0ihq6bbxwfgauyexp7ea]  [cec4fdeb-4131-48ce-9133-47178bb9ebe8]  Added the event {
  event_type: 'LogCreated',
  logs: [
    {
      testFrameworkName: 'python-generic',
      testFrameworkVersion: 'python-generic-sdk/1.53.4',
      testFrameworkState: 'INIT_TEST',
      timestamp: '2026-07-27T19:20:52.763Z',
      uuid: '30a6e8b2-b75d-4794-9464-4f45d798564b',
      kind: 'TEST_LOG',
      message: '19:21:17 [INFO] --- Pipeline Execution Complete ---',
      level: 'ERROR',
      test_run_uuid: '30a6e8b2-b75d-4794-9464-4f45d798564b'
    }
  ]
} to 67176:0
2026-07-27T19:21:17.617Z CLI info [testhub:request-queue-handler]  [ypludnbaxyot2ifcndag0ihq6bbxwfgauyexp7ea]  [cec4fdeb-4131-48ce-9133-47178bb9ebe8]  Added the event {
  event_type: 'LogCreated',
  logs: [
    {
      testFrameworkName: 'python-generic',
      testFrameworkVersion: 'python-generic-sdk/1.53.4',
      testFrameworkState: 'INIT_TEST',
      timestamp: '2026-07-27T19:20:52.763Z',
      uuid: '30a6e8b2-b75d-4794-9464-4f45d798564b',
      kind: 'TEST_LOG',
      message: '2026-07-27T19:21:17Z [BrowserStack_CE_Pipeline][INFO] - Analyzed 23 total words across headers. Found 1 repeated > 2 times.',
      level: 'INFO',
      test_run_uuid: '30a6e8b2-b75d-4794-9464-4f45d798564b'
    }
  ]
} to 67176:0
2026-07-27T19:21:17.618Z CLI info [testhub:request-queue-handler]  [ypludnbaxyot2ifcndag0ihq6bbxwfgauyexp7ea]  [cec4fdeb-4131-48ce-9133-47178bb9ebe8]  Added the event {
  event_type: 'LogCreated',
  logs: [
    {
      testFrameworkName: 'python-generic',
      testFrameworkVersion: 'python-generic-sdk/1.53.4',
      testFrameworkState: 'INIT_TEST',
      timestamp: '2026-07-27T19:20:52.763Z',
      uuid: '30a6e8b2-b75d-4794-9464-4f45d798564b',
      kind: 'TEST_LOG',
      message: '2026-07-27T19:21:17Z [BrowserStack_CE_Pipeline][INFO] - --- Pipeline Execution Complete ---',
      level: 'INFO',
      test_run_uuid: '30a6e8b2-b75d-4794-9464-4f45d798564b'
    }
  ]
} to 67176:0
2026-07-27T19:21:17.621Z CLI info [testhub:request-queue-handler]  [ypludnbaxyot2ifcndag0ihq6bbxwfgauyexp7ea]  [cec4fdeb-4131-48ce-9133-47178bb9ebe8]  Added the event {
  event_type: 'LogCreated',
  logs: [
    {
      testFrameworkName: 'python-generic',
      testFrameworkVersion: 'python-generic-sdk/1.53.4',
      testFrameworkState: 'INIT_TEST',
      timestamp: '2026-07-27T19:20:52.763Z',
      uuid: '30a6e8b2-b75d-4794-9464-4f45d798564b',
      kind: 'TEST_LOG',
      message: '19:21:17 [INFO] JSON Report exported to: output/report_BrowserStack_SDK_Run.json',
      level: 'ERROR',
      test_run_uuid: '30a6e8b2-b75d-4794-9464-4f45d798564b'
    }
  ]
} to 67176:0
2026-07-27T19:21:17.622Z CLI info [testhub:request-queue-handler]  [ypludnbaxyot2ifcndag0ihq6bbxwfgauyexp7ea]  [cec4fdeb-4131-48ce-9133-47178bb9ebe8]  Added the event {
  event_type: 'LogCreated',
  logs: [
    {
      testFrameworkName: 'python-generic',
      testFrameworkVersion: 'python-generic-sdk/1.53.4',
      testFrameworkState: 'INIT_TEST',
      timestamp: '2026-07-27T19:20:52.763Z',
      uuid: '30a6e8b2-b75d-4794-9464-4f45d798564b',
      kind: 'TEST_LOG',
      message: '2026-07-27T19:21:17Z [BrowserStack_CE_Pipeline][INFO] - JSON Report exported to: output/report_BrowserStack_SDK_Run.json',
      level: 'INFO',
      test_run_uuid: '30a6e8b2-b75d-4794-9464-4f45d798564b'
    }
  ]
} to 67176:0
2026-07-27T19:21:17.624Z CLI info [testhub:request-queue-handler]  [ypludnbaxyot2ifcndag0ihq6bbxwfgauyexp7ea]  [cec4fdeb-4131-48ce-9133-47178bb9ebe8]  Added the event {
  event_type: 'LogCreated',
  logs: [
    {
      testFrameworkName: 'python-generic',
      testFrameworkVersion: 'python-generic-sdk/1.53.4',
      testFrameworkState: 'INIT_TEST',
      timestamp: '2026-07-27T19:20:52.763Z',
      uuid: '30a6e8b2-b75d-4794-9464-4f45d798564b',
      kind: 'TEST_LOG',
      message: '19:21:17 [INFO] Summary Report exported to: output/report_summary.txt',
      level: 'ERROR',
      test_run_uuid: '30a6e8b2-b75d-4794-9464-4f45d798564b'
    }
  ]
} to 67176:0
2026-07-27T19:21:17.633Z CLI info [testhub:request-queue-handler]  [ypludnbaxyot2ifcndag0ihq6bbxwfgauyexp7ea]  [cec4fdeb-4131-48ce-9133-47178bb9ebe8]  Added the event {
  event_type: 'LogCreated',
  logs: [
    {
      testFrameworkName: 'python-generic',
      testFrameworkVersion: 'python-generic-sdk/1.53.4',
      testFrameworkState: 'INIT_TEST',
      timestamp: '2026-07-27T19:20:52.763Z',
      uuid: '30a6e8b2-b75d-4794-9464-4f45d798564b',
      kind: 'TEST_LOG',
      message: '2026-07-27T19:21:17Z [BrowserStack_CE_Pipeline][INFO] - Summary Report exported to: output/report_summary.txt',
      level: 'INFO',
      test_run_uuid: '30a6e8b2-b75d-4794-9464-4f45d798564b'
    }
  ]
} to 67176:0
2026-07-27T19:21:17.637Z CLI info [testhub:request-queue-handler]  [ypludnbaxyot2ifcndag0ihq6bbxwfgauyexp7ea]  [cec4fdeb-4131-48ce-9133-47178bb9ebe8]  Added the event {
  event_type: 'LogCreated',
  logs: [
    {
      testFrameworkName: 'python-generic',
      testFrameworkVersion: 'python-generic-sdk/1.53.4',
      testFrameworkState: 'INIT_TEST',
      timestamp: '2026-07-27T19:20:52.763Z',
      uuid: '30a6e8b2-b75d-4794-9464-4f45d798564b',
      kind: 'TEST_LOG',
      message: '19:21:17 [INFO] ✅ Execution completed successfully!',
      level: 'ERROR',
      test_run_uuid: '30a6e8b2-b75d-4794-9464-4f45d798564b'
    }
  ]
} to 67176:0
2026-07-27T19:21:17.640Z CLI info [testhub:request-queue-handler]  [ypludnbaxyot2ifcndag0ihq6bbxwfgauyexp7ea]  [cec4fdeb-4131-48ce-9133-47178bb9ebe8]  Added the event {
  event_type: 'LogCreated',
  logs: [
    {
      testFrameworkName: 'python-generic',
      testFrameworkVersion: 'python-generic-sdk/1.53.4',
      testFrameworkState: 'INIT_TEST',
      timestamp: '2026-07-27T19:20:52.763Z',
      uuid: '30a6e8b2-b75d-4794-9464-4f45d798564b',
      kind: 'TEST_LOG',
      message: '2026-07-27T19:21:17Z [BrowserStack_CE_Pipeline][INFO] - ✅ Execution completed successfully!',
      level: 'INFO',
      test_run_uuid: '30a6e8b2-b75d-4794-9464-4f45d798564b'
    }
  ]
} to 67176:0
2026-07-27T19:21:17.647Z CLI info [testhub:request-queue-handler]  [ypludnbaxyot2ifcndag0ihq6bbxwfgauyexp7ea]  [cec4fdeb-4131-48ce-9133-47178bb9ebe8]  Added the event {
  event_type: 'LogCreated',
  logs: [
    {
      testFrameworkName: 'python-generic',
      testFrameworkVersion: 'python-generic-sdk/1.53.4',
      testFrameworkState: 'INIT_TEST',
      timestamp: '2026-07-27T19:20:52.784Z',
      uuid: '1bf4b18a-599b-4fcf-be12-2e9d47b9e23e',
      kind: 'TEST_LOG',
      message: '2026-07-27T19:21:17Z [browserstack_sdk.client][INFO] - TestClient: Accessibility not enabled for this platform (is_enabled_platform returned False)',
      level: 'INFO',
      test_run_uuid: '1bf4b18a-599b-4fcf-be12-2e9d47b9e23e'
    }
  ]
} to 67176:0
2026-07-27T19:21:17.652Z CLI info [testhub:request-queue-handler]  [ypludnbaxyot2ifcndag0ihq6bbxwfgauyexp7ea]  [cec4fdeb-4131-48ce-9133-47178bb9ebe8]  Added the event {
  event_type: 'LogCreated',
  logs: [
    {
      testFrameworkName: 'python-generic',
      testFrameworkVersion: 'python-generic-sdk/1.53.4',
      testFrameworkState: 'INIT_TEST',
      timestamp: '2026-07-27T19:20:52.784Z',
      uuid: '1bf4b18a-599b-4fcf-be12-2e9d47b9e23e',
      kind: 'TEST_LOG',
      message: '2026-07-27T19:21:17Z [browserstack_sdk.client][INFO] - TestClient: Found driver on current thread',
      level: 'INFO',
      test_run_uuid: '1bf4b18a-599b-4fcf-be12-2e9d47b9e23e'
    }
  ]
} to 67176:0
2026-07-27T19:21:17.655Z CLI info [testhub:request-queue-handler]  [ypludnbaxyot2ifcndag0ihq6bbxwfgauyexp7ea]  [cec4fdeb-4131-48ce-9133-47178bb9ebe8]  Added the event {
  event_type: 'LogCreated',
  logs: [
    {
      testFrameworkName: 'python-generic',
      testFrameworkVersion: 'python-generic-sdk/1.53.4',
      testFrameworkState: 'INIT_TEST',
      timestamp: '2026-07-27T19:20:52.784Z',
      uuid: '1bf4b18a-599b-4fcf-be12-2e9d47b9e23e',
      kind: 'TEST_LOG',
      message: "2026-07-27T19:21:17Z [browserstack_sdk.client][ERROR] - TestClient: Failed to set session name: 'sessionId'",
      level: 'INFO',
      test_run_uuid: '1bf4b18a-599b-4fcf-be12-2e9d47b9e23e'
    }
  ]
} to 67176:0
2026-07-27T19:21:17.669Z CLI info [testhub:request-queue-handler]  [ypludnbaxyot2ifcndag0ihq6bbxwfgauyexp7ea]  [cec4fdeb-4131-48ce-9133-47178bb9ebe8]  Added the event {
  event_type: 'TestRunFinished',
  test_run: {
    type: 'test',
    framework: 'python-generic',
    uuid: '1bf4b18a-599b-4fcf-be12-2e9d47b9e23e',
    name: 'main',
    body: { lang: 'python', code: null },
    identifier: 'main',
    scope: '',
    scopes: [ 'main' ],
    file_name: 'main.py',
    vc_filepath: '',
    location: 'main.py',
    meta: {
      test_framework: 'python-generic',
      manual_integration: true,
      agent_version: 'python-generic-sdk/1.53.4',
      test_type: 'functional',
      source_line: 38,
      cbt_session_linked: false
    },
    result: 'passed',
    duration_in_ms: 22956,
    started_at: '2026-07-27T19:20:54.700Z',
    finished_at: '2026-07-27T19:21:17.656Z',
    failure: null,
    failure_type: null,
    failure_reason: undefined,
    retry_of: null,
    custom_metadata: {},
    tags: [],
    customRerunParam: { rerun_name: 'main.py::main' },
    hooks: [],
    product_map: {
      observability: true,
      accessibility: false,
      percy: false,
      automate: true,
      app_automate: false,
      lts: false
    },
    integrations: { browserstack: [Object] }
  },
  logs: []
} to 67176:0
2026-07-27T19:21:17.671Z CLI info [testhub:request-queue-handler]  [ypludnbaxyot2ifcndag0ihq6bbxwfgauyexp7ea]  [cec4fdeb-4131-48ce-9133-47178bb9ebe8]  Added the event {
  event_type: 'LogCreated',
  logs: [
    {
      testFrameworkName: 'python-generic',
      testFrameworkVersion: 'python-generic-sdk/1.53.4',
      testFrameworkState: 'INIT_TEST',
      timestamp: '2026-07-27T19:20:52.784Z',
      uuid: '1bf4b18a-599b-4fcf-be12-2e9d47b9e23e',
      kind: 'TEST_LOG',
      message: "2026-07-27T19:21:17Z [browserstack_sdk.client][ERROR] - TestClient: Failed to mark session status: 'sessionId'",
      level: 'INFO',
      test_run_uuid: '1bf4b18a-599b-4fcf-be12-2e9d47b9e23e'
    }
  ]
} to 67176:0
2026-07-27T19:21:18.298Z CLI info [testhub:request-queue-handler]  [ypludnbaxyot2ifcndag0ihq6bbxwfgauyexp7ea]  [cec4fdeb-4131-48ce-9133-47178bb9ebe8]  Added the event {
  event_type: 'LogCreated',
  logs: [
    {
      testFrameworkName: 'python-generic',
      testFrameworkVersion: 'python-generic-sdk/1.53.4',
      testFrameworkState: 'INIT_TEST',
      timestamp: '2026-07-27T19:20:52.821Z',
      uuid: '82623178-5f7b-4105-bab9-f18cfb1d878d',
      kind: 'TEST_LOG',
      message: '19:21:18 [INFO] Cookie consent dialog cleared.',
      level: 'ERROR',
      test_run_uuid: '82623178-5f7b-4105-bab9-f18cfb1d878d'
    }
  ]
} to 67176:0
2026-07-27T19:21:18.300Z CLI info [testhub:request-queue-handler]  [ypludnbaxyot2ifcndag0ihq6bbxwfgauyexp7ea]  [cec4fdeb-4131-48ce-9133-47178bb9ebe8]  Added the event {
  event_type: 'LogCreated',
  logs: [
    {
      testFrameworkName: 'python-generic',
      testFrameworkVersion: 'python-generic-sdk/1.53.4',
      testFrameworkState: 'INIT_TEST',
      timestamp: '2026-07-27T19:20:52.821Z',
      uuid: '82623178-5f7b-4105-bab9-f18cfb1d878d',
      kind: 'TEST_LOG',
      message: '2026-07-27T19:21:18Z [BrowserStack_CE_Pipeline][INFO] - Cookie consent dialog cleared.',
      level: 'INFO',
      test_run_uuid: '82623178-5f7b-4105-bab9-f18cfb1d878d'
    }
  ]
} to 67176:0
2026-07-27T19:21:18.479Z CLI info [testhub:request-queue-handler]  [ypludnbaxyot2ifcndag0ihq6bbxwfgauyexp7ea]  [cec4fdeb-4131-48ce-9133-47178bb9ebe8]  Added the event {
  event_type: 'LogCreated',
  logs: [
    {
      testFrameworkName: 'python-generic',
      testFrameworkVersion: 'python-generic-sdk/1.53.4',
      testFrameworkState: 'INIT_TEST',
      timestamp: '2026-07-27T19:20:52.821Z',
      uuid: '82623178-5f7b-4105-bab9-f18cfb1d878d',
      kind: 'TEST_LOG',
      message: "19:21:18 [INFO] HTML lang attribute verified: 'es-ES'",
      level: 'ERROR',
      test_run_uuid: '82623178-5f7b-4105-bab9-f18cfb1d878d'
    }
  ]
} to 67176:0
2026-07-27T19:21:18.481Z CLI info [testhub:request-queue-handler]  [ypludnbaxyot2ifcndag0ihq6bbxwfgauyexp7ea]  [cec4fdeb-4131-48ce-9133-47178bb9ebe8]  Added the event {
  event_type: 'LogCreated',
  logs: [
    {
      testFrameworkName: 'python-generic',
      testFrameworkVersion: 'python-generic-sdk/1.53.4',
      testFrameworkState: 'INIT_TEST',
      timestamp: '2026-07-27T19:20:52.821Z',
      uuid: '82623178-5f7b-4105-bab9-f18cfb1d878d',
      kind: 'TEST_LOG',
      message: "2026-07-27T19:21:18Z [BrowserStack_CE_Pipeline][INFO] - HTML lang attribute verified: 'es-ES'",
      level: 'INFO',
      test_run_uuid: '82623178-5f7b-4105-bab9-f18cfb1d878d'
    }
  ]
} to 67176:0
2026-07-27T19:21:18.484Z CLI info [testhub:request-queue-handler]  [ypludnbaxyot2ifcndag0ihq6bbxwfgauyexp7ea]  [cec4fdeb-4131-48ce-9133-47178bb9ebe8]  Processing batch event [
  {
    event_type: 'LogCreated',
    logs: [
      {
        testFrameworkName: 'python-generic',
        testFrameworkVersion: 'python-generic-sdk/1.53.4',
        testFrameworkState: 'INIT_TEST',
        timestamp: '2026-07-27T19:20:52.763Z',
        uuid: '30a6e8b2-b75d-4794-9464-4f45d798564b',
        kind: 'TEST_LOG',
        message: '19:21:17 [INFO] Analyzed 23 total words across headers. Found 1 repeated > 2 times.',
        level: 'ERROR',
        test_run_uuid: '30a6e8b2-b75d-4794-9464-4f45d798564b'
      }
    ]
  },
  {
    event_type: 'LogCreated',
    logs: [
      {
        testFrameworkName: 'python-generic',
        testFrameworkVersion: 'python-generic-sdk/1.53.4',
        testFrameworkState: 'INIT_TEST',
        timestamp: '2026-07-27T19:20:52.763Z',
        uuid: '30a6e8b2-b75d-4794-9464-4f45d798564b',
        kind: 'TEST_LOG',
        message: '19:21:17 [INFO] --- Pipeline Execution Complete ---',
        level: 'ERROR',
        test_run_uuid: '30a6e8b2-b75d-4794-9464-4f45d798564b'
      }
    ]
  },
  {
    event_type: 'LogCreated',
    logs: [
      {
        testFrameworkName: 'python-generic',
        testFrameworkVersion: 'python-generic-sdk/1.53.4',
        testFrameworkState: 'INIT_TEST',
        timestamp: '2026-07-27T19:20:52.763Z',
        uuid: '30a6e8b2-b75d-4794-9464-4f45d798564b',
        kind: 'TEST_LOG',
        message: '2026-07-27T19:21:17Z [BrowserStack_CE_Pipeline][INFO] - Analyzed 23 total words across headers. Found 1 repeated > 2 times.',
        level: 'INFO',
        test_run_uuid: '30a6e8b2-b75d-4794-9464-4f45d798564b'
      }
    ]
  },
  {
    event_type: 'LogCreated',
    logs: [
      {
        testFrameworkName: 'python-generic',
        testFrameworkVersion: 'python-generic-sdk/1.53.4',
        testFrameworkState: 'INIT_TEST',
        timestamp: '2026-07-27T19:20:52.763Z',
        uuid: '30a6e8b2-b75d-4794-9464-4f45d798564b',
        kind: 'TEST_LOG',
        message: '2026-07-27T19:21:17Z [BrowserStack_CE_Pipeline][INFO] - --- Pipeline Execution Complete ---',
        level: 'INFO',
        test_run_uuid: '30a6e8b2-b75d-4794-9464-4f45d798564b'
      }
    ]
  },
  {
    event_type: 'LogCreated',
    logs: [
      {
        testFrameworkName: 'python-generic',
        testFrameworkVersion: 'python-generic-sdk/1.53.4',
        testFrameworkState: 'INIT_TEST',
        timestamp: '2026-07-27T19:20:52.763Z',
        uuid: '30a6e8b2-b75d-4794-9464-4f45d798564b',
        kind: 'TEST_LOG',
        message: '19:21:17 [INFO] JSON Report exported to: output/report_BrowserStack_SDK_Run.json',
        level: 'ERROR',
        test_run_uuid: '30a6e8b2-b75d-4794-9464-4f45d798564b'
      }
    ]
  },
  {
    event_type: 'LogCreated',
    logs: [
      {
        testFrameworkName: 'python-generic',
        testFrameworkVersion: 'python-generic-sdk/1.53.4',
        testFrameworkState: 'INIT_TEST',
        timestamp: '2026-07-27T19:20:52.763Z',
        uuid: '30a6e8b2-b75d-4794-9464-4f45d798564b',
        kind: 'TEST_LOG',
        message: '2026-07-27T19:21:17Z [BrowserStack_CE_Pipeline][INFO] - JSON Report exported to: output/report_BrowserStack_SDK_Run.json',
        level: 'INFO',
        test_run_uuid: '30a6e8b2-b75d-4794-9464-4f45d798564b'
      }
    ]
  },
  {
    event_type: 'LogCreated',
    logs: [
      {
        testFrameworkName: 'python-generic',
        testFrameworkVersion: 'python-generic-sdk/1.53.4',
        testFrameworkState: 'INIT_TEST',
        timestamp: '2026-07-27T19:20:52.763Z',
        uuid: '30a6e8b2-b75d-4794-9464-4f45d798564b',
        kind: 'TEST_LOG',
        message: '19:21:17 [INFO] Summary Report exported to: output/report_summary.txt',
        level: 'ERROR',
        test_run_uuid: '30a6e8b2-b75d-4794-9464-4f45d798564b'
      }
    ]
  },
  {
    event_type: 'LogCreated',
    logs: [
      {
        testFrameworkName: 'python-generic',
        testFrameworkVersion: 'python-generic-sdk/1.53.4',
        testFrameworkState: 'INIT_TEST',
        timestamp: '2026-07-27T19:20:52.763Z',
        uuid: '30a6e8b2-b75d-4794-9464-4f45d798564b',
        kind: 'TEST_LOG',
        message: '2026-07-27T19:21:17Z [BrowserStack_CE_Pipeline][INFO] - Summary Report exported to: output/report_summary.txt',
        level: 'INFO',
        test_run_uuid: '30a6e8b2-b75d-4794-9464-4f45d798564b'
      }
    ]
  },
  {
    event_type: 'LogCreated',
    logs: [
      {
        testFrameworkName: 'python-generic',
        testFrameworkVersion: 'python-generic-sdk/1.53.4',
        testFrameworkState: 'INIT_TEST',
        timestamp: '2026-07-27T19:20:52.763Z',
        uuid: '30a6e8b2-b75d-4794-9464-4f45d798564b',
        kind: 'TEST_LOG',
        message: '19:21:17 [INFO] ✅ Execution completed successfully!',
        level: 'ERROR',
        test_run_uuid: '30a6e8b2-b75d-4794-9464-4f45d798564b'
      }
    ]
  },
  {
    event_type: 'LogCreated',
    logs: [
      {
        testFrameworkName: 'python-generic',
        testFrameworkVersion: 'python-generic-sdk/1.53.4',
        testFrameworkState: 'INIT_TEST',
        timestamp: '2026-07-27T19:20:52.763Z',
        uuid: '30a6e8b2-b75d-4794-9464-4f45d798564b',
        kind: 'TEST_LOG',
        message: '2026-07-27T19:21:17Z [BrowserStack_CE_Pipeline][INFO] - ✅ Execution completed successfully!',
        level: 'INFO',
        test_run_uuid: '30a6e8b2-b75d-4794-9464-4f45d798564b'
      }
    ]
  },
  {
    event_type: 'LogCreated',
    logs: [
      {
        testFrameworkName: 'python-generic',
        testFrameworkVersion: 'python-generic-sdk/1.53.4',
        testFrameworkState: 'INIT_TEST',
        timestamp: '2026-07-27T19:20:52.784Z',
        uuid: '1bf4b18a-599b-4fcf-be12-2e9d47b9e23e',
        kind: 'TEST_LOG',
        message: '2026-07-27T19:21:17Z [browserstack_sdk.client][INFO] - TestClient: Accessibility not enabled for this platform (is_enabled_platform returned False)',
        level: 'INFO',
        test_run_uuid: '1bf4b18a-599b-4fcf-be12-2e9d47b9e23e'
      }
    ]
  },
  {
    event_type: 'LogCreated',
    logs: [
      {
        testFrameworkName: 'python-generic',
        testFrameworkVersion: 'python-generic-sdk/1.53.4',
        testFrameworkState: 'INIT_TEST',
        timestamp: '2026-07-27T19:20:52.784Z',
        uuid: '1bf4b18a-599b-4fcf-be12-2e9d47b9e23e',
        kind: 'TEST_LOG',
        message: '2026-07-27T19:21:17Z [browserstack_sdk.client][INFO] - TestClient: Found driver on current thread',
        level: 'INFO',
        test_run_uuid: '1bf4b18a-599b-4fcf-be12-2e9d47b9e23e'
      }
    ]
  },
  {
    event_type: 'LogCreated',
    logs: [
      {
        testFrameworkName: 'python-generic',
        testFrameworkVersion: 'python-generic-sdk/1.53.4',
        testFrameworkState: 'INIT_TEST',
        timestamp: '2026-07-27T19:20:52.784Z',
        uuid: '1bf4b18a-599b-4fcf-be12-2e9d47b9e23e',
        kind: 'TEST_LOG',
        message: "2026-07-27T19:21:17Z [browserstack_sdk.client][ERROR] - TestClient: Failed to set session name: 'sessionId'",
        level: 'INFO',
        test_run_uuid: '1bf4b18a-599b-4fcf-be12-2e9d47b9e23e'
      }
    ]
  },
  {
    event_type: 'TestRunFinished',
    test_run: {
      type: 'test',
      framework: 'python-generic',
      uuid: '1bf4b18a-599b-4fcf-be12-2e9d47b9e23e',
      name: 'main',
      body: { lang: 'python', code: null },
      identifier: 'main',
      scope: '',
      scopes: [ 'main' ],
      file_name: 'main.py',
      vc_filepath: '',
      location: 'main.py',
      meta: {
        test_framework: 'python-generic',
        manual_integration: true,
        agent_version: 'python-generic-sdk/1.53.4',
        test_type: 'functional',
        source_line: 38,
        cbt_session_linked: false
      },
      result: 'passed',
      duration_in_ms: 22956,
      started_at: '2026-07-27T19:20:54.700Z',
      finished_at: '2026-07-27T19:21:17.656Z',
      failure: null,
      failure_type: null,
      failure_reason: undefined,
      retry_of: null,
      custom_metadata: {},
      tags: [],
      customRerunParam: { rerun_name: 'main.py::main' },
      hooks: [],
      product_map: {
        observability: true,
        accessibility: false,
        percy: false,
        automate: true,
        app_automate: false,
        lts: false
      },
      integrations: {
        browserstack: {
          capabilities: {
            acceptInsecureCerts: true,
            browserName: 'chrome',
            browserVersion: '150.0.7871.47',
            chrome: {
              chromedriverVersion: '150.0.7871.46 (5b586c06e0d27582900f17e2d59c5370d8d6e0bb-refs/branch-heads/7871@{#2039})',
              userDataDir: 'C:\\Windows\\proxy\\scoped_dir12076_19998982'
            },
            'fedcm:accounts': true,
            'goog:chromeOptions': { debuggerAddress: 'localhost:9222' },
            'goog:processID': 10236,
            networkConnectionEnabled: false,
            pageLoadStrategy: 'normal',
            platformName: 'windows',
            proxy: {},
            setWindowRect: true,
            strictFileInteractability: false,
            timeouts: { implicit: 0, pageLoad: 300000, script: 30000 },
            unhandledPromptBehavior: 'dismiss and notify',
            'webauthn:extension:credBlob': true,
            'webauthn:extension:largeBlob': true,
            'webauthn:extension:minPinLength': true,
            'webauthn:extension:prf': true,
            'webauthn:virtualAuthenticators': true,
            'webdriver.remote.sessionid': 'f8b978a0c8c3945e4ffd74e4a1cf65b55ca21412'
          },
          browser: 'chrome',
          browser_version: '150.0.7871.47',
          platform: 'windows',
          platform_version: null,
          product: 'automate'
        }
      }
    },
    logs: []
  },
  {
    event_type: 'LogCreated',
    logs: [
      {
        testFrameworkName: 'python-generic',
        testFrameworkVersion: 'python-generic-sdk/1.53.4',
        testFrameworkState: 'INIT_TEST',
        timestamp: '2026-07-27T19:20:52.784Z',
        uuid: '1bf4b18a-599b-4fcf-be12-2e9d47b9e23e',
        kind: 'TEST_LOG',
        message: "2026-07-27T19:21:17Z [browserstack_sdk.client][ERROR] - TestClient: Failed to mark session status: 'sessionId'",
        level: 'INFO',
        test_run_uuid: '1bf4b18a-599b-4fcf-be12-2e9d47b9e23e'
      }
    ]
  },
  {
    event_type: 'LogCreated',
    logs: [
      {
        testFrameworkName: 'python-generic',
        testFrameworkVersion: 'python-generic-sdk/1.53.4',
        testFrameworkState: 'INIT_TEST',
        timestamp: '2026-07-27T19:20:52.821Z',
        uuid: '82623178-5f7b-4105-bab9-f18cfb1d878d',
        kind: 'TEST_LOG',
        message: '19:21:18 [INFO] Cookie consent dialog cleared.',
        level: 'ERROR',
        test_run_uuid: '82623178-5f7b-4105-bab9-f18cfb1d878d'
      }
    ]
  },
  {
    event_type: 'LogCreated',
    logs: [
      {
        testFrameworkName: 'python-generic',
        testFrameworkVersion: 'python-generic-sdk/1.53.4',
        testFrameworkState: 'INIT_TEST',
        timestamp: '2026-07-27T19:20:52.821Z',
        uuid: '82623178-5f7b-4105-bab9-f18cfb1d878d',
        kind: 'TEST_LOG',
        message: '2026-07-27T19:21:18Z [BrowserStack_CE_Pipeline][INFO] - Cookie consent dialog cleared.',
        level: 'INFO',
        test_run_uuid: '82623178-5f7b-4105-bab9-f18cfb1d878d'
      }
    ]
  },
  {
    event_type: 'LogCreated',
    logs: [
      {
        testFrameworkName: 'python-generic',
        testFrameworkVersion: 'python-generic-sdk/1.53.4',
        testFrameworkState: 'INIT_TEST',
        timestamp: '2026-07-27T19:20:52.821Z',
        uuid: '82623178-5f7b-4105-bab9-f18cfb1d878d',
        kind: 'TEST_LOG',
        message: "19:21:18 [INFO] HTML lang attribute verified: 'es-ES'",
        level: 'ERROR',
        test_run_uuid: '82623178-5f7b-4105-bab9-f18cfb1d878d'
      }
    ]
  },
  {
    event_type: 'LogCreated',
    logs: [
      {
        testFrameworkName: 'python-generic',
        testFrameworkVersion: 'python-generic-sdk/1.53.4',
        testFrameworkState: 'INIT_TEST',
        timestamp: '2026-07-27T19:20:52.821Z',
        uuid: '82623178-5f7b-4105-bab9-f18cfb1d878d',
        kind: 'TEST_LOG',
        message: "2026-07-27T19:21:18Z [BrowserStack_CE_Pipeline][INFO] - HTML lang attribute verified: 'es-ES'",
        level: 'INFO',
        test_run_uuid: '82623178-5f7b-4105-bab9-f18cfb1d878d'
      }
    ]
  }
] to 67176:0
2026-07-27T19:21:18.486Z CLI info  [ypludnbaxyot2ifcndag0ihq6bbxwfgauyexp7ea]  [cec4fdeb-4131-48ce-9133-47178bb9ebe8]  [PRODUCTION] Making POST request to https://collector-observability.browserstack.com
2026-07-27T19:21:19.518Z CLI info [testhub:request-queue-handler]  [ypludnbaxyot2ifcndag0ihq6bbxwfgauyexp7ea]  [cec4fdeb-4131-48ce-9133-47178bb9ebe8]  Added the event {
  event_type: 'LogCreated',
  logs: [
    {
      testFrameworkName: 'python-generic',
      testFrameworkVersion: 'python-generic-sdk/1.53.4',
      testFrameworkState: 'INIT_TEST',
      timestamp: '2026-07-27T19:20:52.994Z',
      uuid: '0f6a8a62-c652-407e-841c-862fce9c2602',
      kind: 'TEST_LOG',
      message: '19:21:19 [INFO] Cookie consent dialog cleared.',
      level: 'ERROR',
      test_run_uuid: '0f6a8a62-c652-407e-841c-862fce9c2602'
    }
  ]
} to 67176:0
2026-07-27T19:21:19.520Z CLI info [testhub:request-queue-handler]  [ypludnbaxyot2ifcndag0ihq6bbxwfgauyexp7ea]  [cec4fdeb-4131-48ce-9133-47178bb9ebe8]  Added the event {
  event_type: 'LogCreated',
  logs: [
    {
      testFrameworkName: 'python-generic',
      testFrameworkVersion: 'python-generic-sdk/1.53.4',
      testFrameworkState: 'INIT_TEST',
      timestamp: '2026-07-27T19:20:52.994Z',
      uuid: '0f6a8a62-c652-407e-841c-862fce9c2602',
      kind: 'TEST_LOG',
      message: '2026-07-27T19:21:19Z [BrowserStack_CE_Pipeline][INFO] - Cookie consent dialog cleared.',
      level: 'INFO',
      test_run_uuid: '0f6a8a62-c652-407e-841c-862fce9c2602'
    }
  ]
} to 67176:0
2026-07-27T19:21:19.735Z CLI info [testhub:request-queue-handler]  [ypludnbaxyot2ifcndag0ihq6bbxwfgauyexp7ea]  [cec4fdeb-4131-48ce-9133-47178bb9ebe8]  Added the event {
  event_type: 'LogCreated',
  logs: [
    {
      testFrameworkName: 'python-generic',
      testFrameworkVersion: 'python-generic-sdk/1.53.4',
      testFrameworkState: 'INIT_TEST',
      timestamp: '2026-07-27T19:20:52.994Z',
      uuid: '0f6a8a62-c652-407e-841c-862fce9c2602',
      kind: 'TEST_LOG',
      message: "19:21:19 [INFO] HTML lang attribute verified: 'es-ES'",
      level: 'ERROR',
      test_run_uuid: '0f6a8a62-c652-407e-841c-862fce9c2602'
    }
  ]
} to 67176:0
2026-07-27T19:21:19.738Z CLI info [testhub:request-queue-handler]  [ypludnbaxyot2ifcndag0ihq6bbxwfgauyexp7ea]  [cec4fdeb-4131-48ce-9133-47178bb9ebe8]  Added the event {
  event_type: 'LogCreated',
  logs: [
    {
      testFrameworkName: 'python-generic',
      testFrameworkVersion: 'python-generic-sdk/1.53.4',
      testFrameworkState: 'INIT_TEST',
      timestamp: '2026-07-27T19:20:52.994Z',
      uuid: '0f6a8a62-c652-407e-841c-862fce9c2602',
      kind: 'TEST_LOG',
      message: "2026-07-27T19:21:19Z [BrowserStack_CE_Pipeline][INFO] - HTML lang attribute verified: 'es-ES'",
      level: 'INFO',
      test_run_uuid: '0f6a8a62-c652-407e-841c-862fce9c2602'
    }
  ]
} to 67176:0
2026-07-27T19:21:20.483Z CLI info [testhub:request-queue-handler]  [ypludnbaxyot2ifcndag0ihq6bbxwfgauyexp7ea]  [cec4fdeb-4131-48ce-9133-47178bb9ebe8]  Processing batch event [
  {
    event_type: 'LogCreated',
    logs: [
      {
        testFrameworkName: 'python-generic',
        testFrameworkVersion: 'python-generic-sdk/1.53.4',
        testFrameworkState: 'INIT_TEST',
        timestamp: '2026-07-27T19:20:52.994Z',
        uuid: '0f6a8a62-c652-407e-841c-862fce9c2602',
        kind: 'TEST_LOG',
        message: '19:21:19 [INFO] Cookie consent dialog cleared.',
        level: 'ERROR',
        test_run_uuid: '0f6a8a62-c652-407e-841c-862fce9c2602'
      }
    ]
  },
  {
    event_type: 'LogCreated',
    logs: [
      {
        testFrameworkName: 'python-generic',
        testFrameworkVersion: 'python-generic-sdk/1.53.4',
        testFrameworkState: 'INIT_TEST',
        timestamp: '2026-07-27T19:20:52.994Z',
        uuid: '0f6a8a62-c652-407e-841c-862fce9c2602',
        kind: 'TEST_LOG',
        message: '2026-07-27T19:21:19Z [BrowserStack_CE_Pipeline][INFO] - Cookie consent dialog cleared.',
        level: 'INFO',
        test_run_uuid: '0f6a8a62-c652-407e-841c-862fce9c2602'
      }
    ]
  },
  {
    event_type: 'LogCreated',
    logs: [
      {
        testFrameworkName: 'python-generic',
        testFrameworkVersion: 'python-generic-sdk/1.53.4',
        testFrameworkState: 'INIT_TEST',
        timestamp: '2026-07-27T19:20:52.994Z',
        uuid: '0f6a8a62-c652-407e-841c-862fce9c2602',
        kind: 'TEST_LOG',
        message: "19:21:19 [INFO] HTML lang attribute verified: 'es-ES'",
        level: 'ERROR',
        test_run_uuid: '0f6a8a62-c652-407e-841c-862fce9c2602'
      }
    ]
  },
  {
    event_type: 'LogCreated',
    logs: [
      {
        testFrameworkName: 'python-generic',
        testFrameworkVersion: 'python-generic-sdk/1.53.4',
        testFrameworkState: 'INIT_TEST',
        timestamp: '2026-07-27T19:20:52.994Z',
        uuid: '0f6a8a62-c652-407e-841c-862fce9c2602',
        kind: 'TEST_LOG',
        message: "2026-07-27T19:21:19Z [BrowserStack_CE_Pipeline][INFO] - HTML lang attribute verified: 'es-ES'",
        level: 'INFO',
        test_run_uuid: '0f6a8a62-c652-407e-841c-862fce9c2602'
      }
    ]
  }
] to 67176:0
2026-07-27T19:21:20.485Z CLI info  [ypludnbaxyot2ifcndag0ihq6bbxwfgauyexp7ea]  [cec4fdeb-4131-48ce-9133-47178bb9ebe8]  [PRODUCTION] Making POST request to https://collector-observability.browserstack.com
2026-07-27T19:21:21.674Z CLI info [testhub:request-queue-handler]  [ypludnbaxyot2ifcndag0ihq6bbxwfgauyexp7ea]  [cec4fdeb-4131-48ce-9133-47178bb9ebe8]  Added the event {
  event_type: 'LogCreated',
  logs: [
    {
      testFrameworkName: 'python-generic',
      testFrameworkVersion: 'python-generic-sdk/1.53.4',
      testFrameworkState: 'INIT_TEST',
      timestamp: '2026-07-27T19:20:52.763Z',
      uuid: '30a6e8b2-b75d-4794-9464-4f45d798564b',
      kind: 'TEST_LOG',
      message: '2026-07-27T19:21:21Z [browserstack_sdk.client][INFO] - TestClient: Accessibility not enabled for this platform (is_enabled_platform returned False)',
      level: 'INFO',
      test_run_uuid: '30a6e8b2-b75d-4794-9464-4f45d798564b'
    }
  ]
} to 67176:0
2026-07-27T19:21:21.681Z CLI info [testhub:request-queue-handler]  [ypludnbaxyot2ifcndag0ihq6bbxwfgauyexp7ea]  [cec4fdeb-4131-48ce-9133-47178bb9ebe8]  Added the event {
  event_type: 'LogCreated',
  logs: [
    {
      testFrameworkName: 'python-generic',
      testFrameworkVersion: 'python-generic-sdk/1.53.4',
      testFrameworkState: 'INIT_TEST',
      timestamp: '2026-07-27T19:20:52.763Z',
      uuid: '30a6e8b2-b75d-4794-9464-4f45d798564b',
      kind: 'TEST_LOG',
      message: '2026-07-27T19:21:21Z [browserstack_sdk.client][INFO] - TestClient: Found driver on current thread',
      level: 'INFO',
      test_run_uuid: '30a6e8b2-b75d-4794-9464-4f45d798564b'
    }
  ]
} to 67176:0
2026-07-27T19:21:21.705Z CLI info [testhub:request-queue-handler]  [ypludnbaxyot2ifcndag0ihq6bbxwfgauyexp7ea]  [cec4fdeb-4131-48ce-9133-47178bb9ebe8]  Added the event {
  event_type: 'LogCreated',
  logs: [
    {
      testFrameworkName: 'python-generic',
      testFrameworkVersion: 'python-generic-sdk/1.53.4',
      testFrameworkState: 'INIT_TEST',
      timestamp: '2026-07-27T19:20:52.763Z',
      uuid: '30a6e8b2-b75d-4794-9464-4f45d798564b',
      kind: 'TEST_LOG',
      message: "2026-07-27T19:21:21Z [browserstack_sdk.client][ERROR] - TestClient: Failed to set session name: 'sessionId'",
      level: 'INFO',
      test_run_uuid: '30a6e8b2-b75d-4794-9464-4f45d798564b'
    }
  ]
} to 67176:0
2026-07-27T19:21:21.708Z CLI info [testhub:request-queue-handler]  [ypludnbaxyot2ifcndag0ihq6bbxwfgauyexp7ea]  [cec4fdeb-4131-48ce-9133-47178bb9ebe8]  Added the event {
  event_type: 'LogCreated',
  logs: [
    {
      testFrameworkName: 'python-generic',
      testFrameworkVersion: 'python-generic-sdk/1.53.4',
      testFrameworkState: 'INIT_TEST',
      timestamp: '2026-07-27T19:20:52.763Z',
      uuid: '30a6e8b2-b75d-4794-9464-4f45d798564b',
      kind: 'TEST_LOG',
      message: "2026-07-27T19:21:21Z [browserstack_sdk.client][ERROR] - TestClient: Failed to mark session status: 'sessionId'",
      level: 'INFO',
      test_run_uuid: '30a6e8b2-b75d-4794-9464-4f45d798564b'
    }
  ]
} to 67176:0
2026-07-27T19:21:21.712Z CLI info [testhub:request-queue-handler]  [ypludnbaxyot2ifcndag0ihq6bbxwfgauyexp7ea]  [cec4fdeb-4131-48ce-9133-47178bb9ebe8]  Added the event {
  event_type: 'TestRunFinished',
  test_run: {
    type: 'test',
    framework: 'python-generic',
    uuid: '30a6e8b2-b75d-4794-9464-4f45d798564b',
    name: 'main',
    body: { lang: 'python', code: null },
    identifier: 'main',
    scope: '',
    scopes: [ 'main' ],
    file_name: 'main.py',
    vc_filepath: '',
    location: 'main.py',
    meta: {
      test_framework: 'python-generic',
      manual_integration: true,
      agent_version: 'python-generic-sdk/1.53.4',
      test_type: 'functional',
      source_line: 38,
      cbt_session_linked: false
    },
    result: 'passed',
    duration_in_ms: 27169,
    started_at: '2026-07-27T19:20:54.514Z',
    finished_at: '2026-07-27T19:21:21.683Z',
    failure: null,
    failure_type: null,
    failure_reason: undefined,
    retry_of: null,
    custom_metadata: {},
    tags: [],
    customRerunParam: { rerun_name: 'main.py::main' },
    hooks: [],
    product_map: {
      observability: true,
      accessibility: false,
      percy: false,
      automate: true,
      app_automate: false,
      lts: false
    },
    integrations: { browserstack: [Object] }
  },
  logs: []
} to 67176:0
2026-07-27T19:21:21.715Z CLI info [testhub:request-queue-handler]  [ypludnbaxyot2ifcndag0ihq6bbxwfgauyexp7ea]  [cec4fdeb-4131-48ce-9133-47178bb9ebe8]  Added the event {
  event_type: 'LogCreated',
  logs: [
    {
      testFrameworkName: 'python-generic',
      testFrameworkVersion: 'python-generic-sdk/1.53.4',
      testFrameworkState: 'INIT_TEST',
      timestamp: '2026-07-27T19:20:52.821Z',
      uuid: '82623178-5f7b-4105-bab9-f18cfb1d878d',
      kind: 'TEST_LOG',
      message: "19:21:21 [INFO] Successfully scraped 5 articles from 'opinion'.",
      level: 'ERROR',
      test_run_uuid: '82623178-5f7b-4105-bab9-f18cfb1d878d'
    }
  ]
} to 67176:0
2026-07-27T19:21:21.717Z CLI info [testhub:request-queue-handler]  [ypludnbaxyot2ifcndag0ihq6bbxwfgauyexp7ea]  [cec4fdeb-4131-48ce-9133-47178bb9ebe8]  Added the event {
  event_type: 'LogCreated',
  logs: [
    {
      testFrameworkName: 'python-generic',
      testFrameworkVersion: 'python-generic-sdk/1.53.4',
      testFrameworkState: 'INIT_TEST',
      timestamp: '2026-07-27T19:20:52.821Z',
      uuid: '82623178-5f7b-4105-bab9-f18cfb1d878d',
      kind: 'TEST_LOG',
      message: "2026-07-27T19:21:21Z [BrowserStack_CE_Pipeline][INFO] - Successfully scraped 5 articles from 'opinion'.",
      level: 'INFO',
      test_run_uuid: '82623178-5f7b-4105-bab9-f18cfb1d878d'
    }
  ]
} to 67176:0
2026-07-27T19:21:22.484Z CLI info [testhub:request-queue-handler]  [ypludnbaxyot2ifcndag0ihq6bbxwfgauyexp7ea]  [cec4fdeb-4131-48ce-9133-47178bb9ebe8]  Processing batch event [
  {
    event_type: 'LogCreated',
    logs: [
      {
        testFrameworkName: 'python-generic',
        testFrameworkVersion: 'python-generic-sdk/1.53.4',
        testFrameworkState: 'INIT_TEST',
        timestamp: '2026-07-27T19:20:52.763Z',
        uuid: '30a6e8b2-b75d-4794-9464-4f45d798564b',
        kind: 'TEST_LOG',
        message: '2026-07-27T19:21:21Z [browserstack_sdk.client][INFO] - TestClient: Accessibility not enabled for this platform (is_enabled_platform returned False)',
        level: 'INFO',
        test_run_uuid: '30a6e8b2-b75d-4794-9464-4f45d798564b'
      }
    ]
  },
  {
    event_type: 'LogCreated',
    logs: [
      {
        testFrameworkName: 'python-generic',
        testFrameworkVersion: 'python-generic-sdk/1.53.4',
        testFrameworkState: 'INIT_TEST',
        timestamp: '2026-07-27T19:20:52.763Z',
        uuid: '30a6e8b2-b75d-4794-9464-4f45d798564b',
        kind: 'TEST_LOG',
        message: '2026-07-27T19:21:21Z [browserstack_sdk.client][INFO] - TestClient: Found driver on current thread',
        level: 'INFO',
        test_run_uuid: '30a6e8b2-b75d-4794-9464-4f45d798564b'
      }
    ]
  },
  {
    event_type: 'LogCreated',
    logs: [
      {
        testFrameworkName: 'python-generic',
        testFrameworkVersion: 'python-generic-sdk/1.53.4',
        testFrameworkState: 'INIT_TEST',
        timestamp: '2026-07-27T19:20:52.763Z',
        uuid: '30a6e8b2-b75d-4794-9464-4f45d798564b',
        kind: 'TEST_LOG',
        message: "2026-07-27T19:21:21Z [browserstack_sdk.client][ERROR] - TestClient: Failed to set session name: 'sessionId'",
        level: 'INFO',
        test_run_uuid: '30a6e8b2-b75d-4794-9464-4f45d798564b'
      }
    ]
  },
  {
    event_type: 'LogCreated',
    logs: [
      {
        testFrameworkName: 'python-generic',
        testFrameworkVersion: 'python-generic-sdk/1.53.4',
        testFrameworkState: 'INIT_TEST',
        timestamp: '2026-07-27T19:20:52.763Z',
        uuid: '30a6e8b2-b75d-4794-9464-4f45d798564b',
        kind: 'TEST_LOG',
        message: "2026-07-27T19:21:21Z [browserstack_sdk.client][ERROR] - TestClient: Failed to mark session status: 'sessionId'",
        level: 'INFO',
        test_run_uuid: '30a6e8b2-b75d-4794-9464-4f45d798564b'
      }
    ]
  },
  {
    event_type: 'TestRunFinished',
    test_run: {
      type: 'test',
      framework: 'python-generic',
      uuid: '30a6e8b2-b75d-4794-9464-4f45d798564b',
      name: 'main',
      body: { lang: 'python', code: null },
      identifier: 'main',
      scope: '',
      scopes: [ 'main' ],
      file_name: 'main.py',
      vc_filepath: '',
      location: 'main.py',
      meta: {
        test_framework: 'python-generic',
        manual_integration: true,
        agent_version: 'python-generic-sdk/1.53.4',
        test_type: 'functional',
        source_line: 38,
        cbt_session_linked: false
      },
      result: 'passed',
      duration_in_ms: 27169,
      started_at: '2026-07-27T19:20:54.514Z',
      finished_at: '2026-07-27T19:21:21.683Z',
      failure: null,
      failure_type: null,
      failure_reason: undefined,
      retry_of: null,
      custom_metadata: {},
      tags: [],
      customRerunParam: { rerun_name: 'main.py::main' },
      hooks: [],
      product_map: {
        observability: true,
        accessibility: false,
        percy: false,
        automate: true,
        app_automate: false,
        lts: false
      },
      integrations: {
        browserstack: {
          capabilities: {
            'safari:platformVersion': '14.3',
            'safari:automaticInspection': false,
            'webkit:WebRTC': {
              DisableICECandidateFiltering: false,
              DisableInsecureMediaCapture: false
            },
            browserVersion: '17.3',
            strictFileInteractability: false,
            browserName: 'Safari',
            'safari:useSimulator': false,
            'safari:automaticProfiling': false,
            setWindowRect: true,
            acceptInsecureCerts: false,
            'safari:platformBuildVersion': '23D56',
            pageLoadStrategy: 'normal',
            platformName: 'macOS',
            'safari:diagnose': false,
            'webdriver.remote.sessionid': 'bdea1ffdfbf9faef9e300d554148461d757c5dba'
          },
          browser: 'Safari',
          browser_version: '17.3',
          platform: 'macOS',
          platform_version: null,
          product: 'automate'
        }
      }
    },
    logs: []
  },
  {
    event_type: 'LogCreated',
    logs: [
      {
        testFrameworkName: 'python-generic',
        testFrameworkVersion: 'python-generic-sdk/1.53.4',
        testFrameworkState: 'INIT_TEST',
        timestamp: '2026-07-27T19:20:52.821Z',
        uuid: '82623178-5f7b-4105-bab9-f18cfb1d878d',
        kind: 'TEST_LOG',
        message: "19:21:21 [INFO] Successfully scraped 5 articles from 'opinion'.",
        level: 'ERROR',
        test_run_uuid: '82623178-5f7b-4105-bab9-f18cfb1d878d'
      }
    ]
  },
  {
    event_type: 'LogCreated',
    logs: [
      {
        testFrameworkName: 'python-generic',
        testFrameworkVersion: 'python-generic-sdk/1.53.4',
        testFrameworkState: 'INIT_TEST',
        timestamp: '2026-07-27T19:20:52.821Z',
        uuid: '82623178-5f7b-4105-bab9-f18cfb1d878d',
        kind: 'TEST_LOG',
        message: "2026-07-27T19:21:21Z [BrowserStack_CE_Pipeline][INFO] - Successfully scraped 5 articles from 'opinion'.",
        level: 'INFO',
        test_run_uuid: '82623178-5f7b-4105-bab9-f18cfb1d878d'
      }
    ]
  }
] to 67176:0
2026-07-27T19:21:22.486Z CLI info  [ypludnbaxyot2ifcndag0ihq6bbxwfgauyexp7ea]  [cec4fdeb-4131-48ce-9133-47178bb9ebe8]  [PRODUCTION] Making POST request to https://collector-observability.browserstack.com
2026-07-27T19:21:23.780Z CLI info [testhub:request-queue-handler]  [ypludnbaxyot2ifcndag0ihq6bbxwfgauyexp7ea]  [cec4fdeb-4131-48ce-9133-47178bb9ebe8]  Added the event {
  event_type: 'LogCreated',
  logs: [
    {
      testFrameworkName: 'python-generic',
      testFrameworkVersion: 'python-generic-sdk/1.53.4',
      testFrameworkState: 'INIT_TEST',
      timestamp: '2026-07-27T19:20:52.821Z',
      uuid: '82623178-5f7b-4105-bab9-f18cfb1d878d',
      kind: 'TEST_LOG',
      message: '19:21:23 [INFO] Analyzed 23 total words across headers. Found 1 repeated > 2 times.',
      level: 'ERROR',
      test_run_uuid: '82623178-5f7b-4105-bab9-f18cfb1d878d'
    }
  ]
} to 67176:0
2026-07-27T19:21:23.783Z CLI info [testhub:request-queue-handler]  [ypludnbaxyot2ifcndag0ihq6bbxwfgauyexp7ea]  [cec4fdeb-4131-48ce-9133-47178bb9ebe8]  Added the event {
  event_type: 'LogCreated',
  logs: [
    {
      testFrameworkName: 'python-generic',
      testFrameworkVersion: 'python-generic-sdk/1.53.4',
      testFrameworkState: 'INIT_TEST',
      timestamp: '2026-07-27T19:20:52.821Z',
      uuid: '82623178-5f7b-4105-bab9-f18cfb1d878d',
      kind: 'TEST_LOG',
      message: '2026-07-27T19:21:23Z [BrowserStack_CE_Pipeline][INFO] - Analyzed 23 total words across headers. Found 1 repeated > 2 times.',
      level: 'INFO',
      test_run_uuid: '82623178-5f7b-4105-bab9-f18cfb1d878d'
    }
  ]
} to 67176:0
2026-07-27T19:21:23.798Z CLI info [testhub:request-queue-handler]  [ypludnbaxyot2ifcndag0ihq6bbxwfgauyexp7ea]  [cec4fdeb-4131-48ce-9133-47178bb9ebe8]  Added the event {
  event_type: 'LogCreated',
  logs: [
    {
      testFrameworkName: 'python-generic',
      testFrameworkVersion: 'python-generic-sdk/1.53.4',
      testFrameworkState: 'INIT_TEST',
      timestamp: '2026-07-27T19:20:52.821Z',
      uuid: '82623178-5f7b-4105-bab9-f18cfb1d878d',
      kind: 'TEST_LOG',
      message: '19:21:23 [INFO] --- Pipeline Execution Complete ---',
      level: 'ERROR',
      test_run_uuid: '82623178-5f7b-4105-bab9-f18cfb1d878d'
    }
  ]
} to 67176:0
2026-07-27T19:21:23.802Z CLI info [testhub:request-queue-handler]  [ypludnbaxyot2ifcndag0ihq6bbxwfgauyexp7ea]  [cec4fdeb-4131-48ce-9133-47178bb9ebe8]  Added the event {
  event_type: 'LogCreated',
  logs: [
    {
      testFrameworkName: 'python-generic',
      testFrameworkVersion: 'python-generic-sdk/1.53.4',
      testFrameworkState: 'INIT_TEST',
      timestamp: '2026-07-27T19:20:52.821Z',
      uuid: '82623178-5f7b-4105-bab9-f18cfb1d878d',
      kind: 'TEST_LOG',
      message: '2026-07-27T19:21:23Z [BrowserStack_CE_Pipeline][INFO] - --- Pipeline Execution Complete ---',
      level: 'INFO',
      test_run_uuid: '82623178-5f7b-4105-bab9-f18cfb1d878d'
    }
  ]
} to 67176:0
2026-07-27T19:21:23.804Z CLI info [testhub:request-queue-handler]  [ypludnbaxyot2ifcndag0ihq6bbxwfgauyexp7ea]  [cec4fdeb-4131-48ce-9133-47178bb9ebe8]  Added the event {
  event_type: 'LogCreated',
  logs: [
    {
      testFrameworkName: 'python-generic',
      testFrameworkVersion: 'python-generic-sdk/1.53.4',
      testFrameworkState: 'INIT_TEST',
      timestamp: '2026-07-27T19:20:52.821Z',
      uuid: '82623178-5f7b-4105-bab9-f18cfb1d878d',
      kind: 'TEST_LOG',
      message: '19:21:23 [INFO] JSON Report exported to: output/report_BrowserStack_SDK_Run.json',
      level: 'ERROR',
      test_run_uuid: '82623178-5f7b-4105-bab9-f18cfb1d878d'
    }
  ]
} to 67176:0
2026-07-27T19:21:23.806Z CLI info [testhub:request-queue-handler]  [ypludnbaxyot2ifcndag0ihq6bbxwfgauyexp7ea]  [cec4fdeb-4131-48ce-9133-47178bb9ebe8]  Added the event {
  event_type: 'LogCreated',
  logs: [
    {
      testFrameworkName: 'python-generic',
      testFrameworkVersion: 'python-generic-sdk/1.53.4',
      testFrameworkState: 'INIT_TEST',
      timestamp: '2026-07-27T19:20:52.821Z',
      uuid: '82623178-5f7b-4105-bab9-f18cfb1d878d',
      kind: 'TEST_LOG',
      message: '2026-07-27T19:21:23Z [BrowserStack_CE_Pipeline][INFO] - JSON Report exported to: output/report_BrowserStack_SDK_Run.json',
      level: 'INFO',
      test_run_uuid: '82623178-5f7b-4105-bab9-f18cfb1d878d'
    }
  ]
} to 67176:0
2026-07-27T19:21:23.810Z CLI info [testhub:request-queue-handler]  [ypludnbaxyot2ifcndag0ihq6bbxwfgauyexp7ea]  [cec4fdeb-4131-48ce-9133-47178bb9ebe8]  Added the event {
  event_type: 'LogCreated',
  logs: [
    {
      testFrameworkName: 'python-generic',
      testFrameworkVersion: 'python-generic-sdk/1.53.4',
      testFrameworkState: 'INIT_TEST',
      timestamp: '2026-07-27T19:20:52.821Z',
      uuid: '82623178-5f7b-4105-bab9-f18cfb1d878d',
      kind: 'TEST_LOG',
      message: '19:21:23 [INFO] Summary Report exported to: output/report_summary.txt',
      level: 'ERROR',
      test_run_uuid: '82623178-5f7b-4105-bab9-f18cfb1d878d'
    }
  ]
} to 67176:0
2026-07-27T19:21:23.811Z CLI info [testhub:request-queue-handler]  [ypludnbaxyot2ifcndag0ihq6bbxwfgauyexp7ea]  [cec4fdeb-4131-48ce-9133-47178bb9ebe8]  Added the event {
  event_type: 'LogCreated',
  logs: [
    {
      testFrameworkName: 'python-generic',
      testFrameworkVersion: 'python-generic-sdk/1.53.4',
      testFrameworkState: 'INIT_TEST',
      timestamp: '2026-07-27T19:20:52.821Z',
      uuid: '82623178-5f7b-4105-bab9-f18cfb1d878d',
      kind: 'TEST_LOG',
      message: '2026-07-27T19:21:23Z [BrowserStack_CE_Pipeline][INFO] - Summary Report exported to: output/report_summary.txt',
      level: 'INFO',
      test_run_uuid: '82623178-5f7b-4105-bab9-f18cfb1d878d'
    }
  ]
} to 67176:0
2026-07-27T19:21:23.815Z CLI info [testhub:request-queue-handler]  [ypludnbaxyot2ifcndag0ihq6bbxwfgauyexp7ea]  [cec4fdeb-4131-48ce-9133-47178bb9ebe8]  Added the event {
  event_type: 'LogCreated',
  logs: [
    {
      testFrameworkName: 'python-generic',
      testFrameworkVersion: 'python-generic-sdk/1.53.4',
      testFrameworkState: 'INIT_TEST',
      timestamp: '2026-07-27T19:20:52.821Z',
      uuid: '82623178-5f7b-4105-bab9-f18cfb1d878d',
      kind: 'TEST_LOG',
      message: '19:21:23 [INFO] ✅ Execution completed successfully!',
      level: 'ERROR',
      test_run_uuid: '82623178-5f7b-4105-bab9-f18cfb1d878d'
    }
  ]
} to 67176:0
2026-07-27T19:21:23.816Z CLI info [testhub:request-queue-handler]  [ypludnbaxyot2ifcndag0ihq6bbxwfgauyexp7ea]  [cec4fdeb-4131-48ce-9133-47178bb9ebe8]  Added the event {
  event_type: 'LogCreated',
  logs: [
    {
      testFrameworkName: 'python-generic',
      testFrameworkVersion: 'python-generic-sdk/1.53.4',
      testFrameworkState: 'INIT_TEST',
      timestamp: '2026-07-27T19:20:52.821Z',
      uuid: '82623178-5f7b-4105-bab9-f18cfb1d878d',
      kind: 'TEST_LOG',
      message: '2026-07-27T19:21:23Z [BrowserStack_CE_Pipeline][INFO] - ✅ Execution completed successfully!',
      level: 'INFO',
      test_run_uuid: '82623178-5f7b-4105-bab9-f18cfb1d878d'
    }
  ]
} to 67176:0
2026-07-27T19:21:24.484Z CLI info [testhub:request-queue-handler]  [ypludnbaxyot2ifcndag0ihq6bbxwfgauyexp7ea]  [cec4fdeb-4131-48ce-9133-47178bb9ebe8]  Processing batch event [
  {
    event_type: 'LogCreated',
    logs: [
      {
        testFrameworkName: 'python-generic',
        testFrameworkVersion: 'python-generic-sdk/1.53.4',
        testFrameworkState: 'INIT_TEST',
        timestamp: '2026-07-27T19:20:52.821Z',
        uuid: '82623178-5f7b-4105-bab9-f18cfb1d878d',
        kind: 'TEST_LOG',
        message: '19:21:23 [INFO] Analyzed 23 total words across headers. Found 1 repeated > 2 times.',
        level: 'ERROR',
        test_run_uuid: '82623178-5f7b-4105-bab9-f18cfb1d878d'
      }
    ]
  },
  {
    event_type: 'LogCreated',
    logs: [
      {
        testFrameworkName: 'python-generic',
        testFrameworkVersion: 'python-generic-sdk/1.53.4',
        testFrameworkState: 'INIT_TEST',
        timestamp: '2026-07-27T19:20:52.821Z',
        uuid: '82623178-5f7b-4105-bab9-f18cfb1d878d',
        kind: 'TEST_LOG',
        message: '2026-07-27T19:21:23Z [BrowserStack_CE_Pipeline][INFO] - Analyzed 23 total words across headers. Found 1 repeated > 2 times.',
        level: 'INFO',
        test_run_uuid: '82623178-5f7b-4105-bab9-f18cfb1d878d'
      }
    ]
  },
  {
    event_type: 'LogCreated',
    logs: [
      {
        testFrameworkName: 'python-generic',
        testFrameworkVersion: 'python-generic-sdk/1.53.4',
        testFrameworkState: 'INIT_TEST',
        timestamp: '2026-07-27T19:20:52.821Z',
        uuid: '82623178-5f7b-4105-bab9-f18cfb1d878d',
        kind: 'TEST_LOG',
        message: '19:21:23 [INFO] --- Pipeline Execution Complete ---',
        level: 'ERROR',
        test_run_uuid: '82623178-5f7b-4105-bab9-f18cfb1d878d'
      }
    ]
  },
  {
    event_type: 'LogCreated',
    logs: [
      {
        testFrameworkName: 'python-generic',
        testFrameworkVersion: 'python-generic-sdk/1.53.4',
        testFrameworkState: 'INIT_TEST',
        timestamp: '2026-07-27T19:20:52.821Z',
        uuid: '82623178-5f7b-4105-bab9-f18cfb1d878d',
        kind: 'TEST_LOG',
        message: '2026-07-27T19:21:23Z [BrowserStack_CE_Pipeline][INFO] - --- Pipeline Execution Complete ---',
        level: 'INFO',
        test_run_uuid: '82623178-5f7b-4105-bab9-f18cfb1d878d'
      }
    ]
  },
  {
    event_type: 'LogCreated',
    logs: [
      {
        testFrameworkName: 'python-generic',
        testFrameworkVersion: 'python-generic-sdk/1.53.4',
        testFrameworkState: 'INIT_TEST',
        timestamp: '2026-07-27T19:20:52.821Z',
        uuid: '82623178-5f7b-4105-bab9-f18cfb1d878d',
        kind: 'TEST_LOG',
        message: '19:21:23 [INFO] JSON Report exported to: output/report_BrowserStack_SDK_Run.json',
        level: 'ERROR',
        test_run_uuid: '82623178-5f7b-4105-bab9-f18cfb1d878d'
      }
    ]
  },
  {
    event_type: 'LogCreated',
    logs: [
      {
        testFrameworkName: 'python-generic',
        testFrameworkVersion: 'python-generic-sdk/1.53.4',
        testFrameworkState: 'INIT_TEST',
        timestamp: '2026-07-27T19:20:52.821Z',
        uuid: '82623178-5f7b-4105-bab9-f18cfb1d878d',
        kind: 'TEST_LOG',
        message: '2026-07-27T19:21:23Z [BrowserStack_CE_Pipeline][INFO] - JSON Report exported to: output/report_BrowserStack_SDK_Run.json',
        level: 'INFO',
        test_run_uuid: '82623178-5f7b-4105-bab9-f18cfb1d878d'
      }
    ]
  },
  {
    event_type: 'LogCreated',
    logs: [
      {
        testFrameworkName: 'python-generic',
        testFrameworkVersion: 'python-generic-sdk/1.53.4',
        testFrameworkState: 'INIT_TEST',
        timestamp: '2026-07-27T19:20:52.821Z',
        uuid: '82623178-5f7b-4105-bab9-f18cfb1d878d',
        kind: 'TEST_LOG',
        message: '19:21:23 [INFO] Summary Report exported to: output/report_summary.txt',
        level: 'ERROR',
        test_run_uuid: '82623178-5f7b-4105-bab9-f18cfb1d878d'
      }
    ]
  },
  {
    event_type: 'LogCreated',
    logs: [
      {
        testFrameworkName: 'python-generic',
        testFrameworkVersion: 'python-generic-sdk/1.53.4',
        testFrameworkState: 'INIT_TEST',
        timestamp: '2026-07-27T19:20:52.821Z',
        uuid: '82623178-5f7b-4105-bab9-f18cfb1d878d',
        kind: 'TEST_LOG',
        message: '2026-07-27T19:21:23Z [BrowserStack_CE_Pipeline][INFO] - Summary Report exported to: output/report_summary.txt',
        level: 'INFO',
        test_run_uuid: '82623178-5f7b-4105-bab9-f18cfb1d878d'
      }
    ]
  },
  {
    event_type: 'LogCreated',
    logs: [
      {
        testFrameworkName: 'python-generic',
        testFrameworkVersion: 'python-generic-sdk/1.53.4',
        testFrameworkState: 'INIT_TEST',
        timestamp: '2026-07-27T19:20:52.821Z',
        uuid: '82623178-5f7b-4105-bab9-f18cfb1d878d',
        kind: 'TEST_LOG',
        message: '19:21:23 [INFO] ✅ Execution completed successfully!',
        level: 'ERROR',
        test_run_uuid: '82623178-5f7b-4105-bab9-f18cfb1d878d'
      }
    ]
  },
  {
    event_type: 'LogCreated',
    logs: [
      {
        testFrameworkName: 'python-generic',
        testFrameworkVersion: 'python-generic-sdk/1.53.4',
        testFrameworkState: 'INIT_TEST',
        timestamp: '2026-07-27T19:20:52.821Z',
        uuid: '82623178-5f7b-4105-bab9-f18cfb1d878d',
        kind: 'TEST_LOG',
        message: '2026-07-27T19:21:23Z [BrowserStack_CE_Pipeline][INFO] - ✅ Execution completed successfully!',
        level: 'INFO',
        test_run_uuid: '82623178-5f7b-4105-bab9-f18cfb1d878d'
      }
    ]
  }
] to 67176:0
2026-07-27T19:21:24.485Z CLI info  [ypludnbaxyot2ifcndag0ihq6bbxwfgauyexp7ea]  [cec4fdeb-4131-48ce-9133-47178bb9ebe8]  [PRODUCTION] Making POST request to https://collector-observability.browserstack.com
2026-07-27T19:21:26.093Z CLI info [testhub:request-queue-handler]  [ypludnbaxyot2ifcndag0ihq6bbxwfgauyexp7ea]  [cec4fdeb-4131-48ce-9133-47178bb9ebe8]  Added the event {
  event_type: 'LogCreated',
  logs: [
    {
      testFrameworkName: 'python-generic',
      testFrameworkVersion: 'python-generic-sdk/1.53.4',
      testFrameworkState: 'INIT_TEST',
      timestamp: '2026-07-27T19:20:52.994Z',
      uuid: '0f6a8a62-c652-407e-841c-862fce9c2602',
      kind: 'TEST_LOG',
      message: "19:21:26 [INFO] Successfully scraped 5 articles from 'opinion'.",
      level: 'ERROR',
      test_run_uuid: '0f6a8a62-c652-407e-841c-862fce9c2602'
    }
  ]
} to 67176:0
2026-07-27T19:21:26.094Z CLI info [testhub:request-queue-handler]  [ypludnbaxyot2ifcndag0ihq6bbxwfgauyexp7ea]  [cec4fdeb-4131-48ce-9133-47178bb9ebe8]  Added the event {
  event_type: 'LogCreated',
  logs: [
    {
      testFrameworkName: 'python-generic',
      testFrameworkVersion: 'python-generic-sdk/1.53.4',
      testFrameworkState: 'INIT_TEST',
      timestamp: '2026-07-27T19:20:52.994Z',
      uuid: '0f6a8a62-c652-407e-841c-862fce9c2602',
      kind: 'TEST_LOG',
      message: "2026-07-27T19:21:26Z [BrowserStack_CE_Pipeline][INFO] - Successfully scraped 5 articles from 'opinion'.",
      level: 'INFO',
      test_run_uuid: '0f6a8a62-c652-407e-841c-862fce9c2602'
    }
  ]
} to 67176:0
2026-07-27T19:21:26.484Z CLI info [testhub:request-queue-handler]  [ypludnbaxyot2ifcndag0ihq6bbxwfgauyexp7ea]  [cec4fdeb-4131-48ce-9133-47178bb9ebe8]  Processing batch event [
  {
    event_type: 'LogCreated',
    logs: [
      {
        testFrameworkName: 'python-generic',
        testFrameworkVersion: 'python-generic-sdk/1.53.4',
        testFrameworkState: 'INIT_TEST',
        timestamp: '2026-07-27T19:20:52.994Z',
        uuid: '0f6a8a62-c652-407e-841c-862fce9c2602',
        kind: 'TEST_LOG',
        message: "19:21:26 [INFO] Successfully scraped 5 articles from 'opinion'.",
        level: 'ERROR',
        test_run_uuid: '0f6a8a62-c652-407e-841c-862fce9c2602'
      }
    ]
  },
  {
    event_type: 'LogCreated',
    logs: [
      {
        testFrameworkName: 'python-generic',
        testFrameworkVersion: 'python-generic-sdk/1.53.4',
        testFrameworkState: 'INIT_TEST',
        timestamp: '2026-07-27T19:20:52.994Z',
        uuid: '0f6a8a62-c652-407e-841c-862fce9c2602',
        kind: 'TEST_LOG',
        message: "2026-07-27T19:21:26Z [BrowserStack_CE_Pipeline][INFO] - Successfully scraped 5 articles from 'opinion'.",
        level: 'INFO',
        test_run_uuid: '0f6a8a62-c652-407e-841c-862fce9c2602'
      }
    ]
  }
] to 67176:0
2026-07-27T19:21:26.485Z CLI info  [ypludnbaxyot2ifcndag0ihq6bbxwfgauyexp7ea]  [cec4fdeb-4131-48ce-9133-47178bb9ebe8]  [PRODUCTION] Making POST request to https://collector-observability.browserstack.com
2026-07-27T19:21:27.414Z CLI info [testhub:request-queue-handler]  [ypludnbaxyot2ifcndag0ihq6bbxwfgauyexp7ea]  [cec4fdeb-4131-48ce-9133-47178bb9ebe8]  Added the event {
  event_type: 'LogCreated',
  logs: [
    {
      testFrameworkName: 'python-generic',
      testFrameworkVersion: 'python-generic-sdk/1.53.4',
      testFrameworkState: 'INIT_TEST',
      timestamp: '2026-07-27T19:20:52.821Z',
      uuid: '82623178-5f7b-4105-bab9-f18cfb1d878d',
      kind: 'TEST_LOG',
      message: '2026-07-27T19:21:27Z [browserstack_sdk.client][INFO] - TestClient: Accessibility not enabled for this platform (is_enabled_platform returned False)',
      level: 'INFO',
      test_run_uuid: '82623178-5f7b-4105-bab9-f18cfb1d878d'
    }
  ]
} to 67176:0
2026-07-27T19:21:27.423Z CLI info [testhub:request-queue-handler]  [ypludnbaxyot2ifcndag0ihq6bbxwfgauyexp7ea]  [cec4fdeb-4131-48ce-9133-47178bb9ebe8]  Added the event {
  event_type: 'LogCreated',
  logs: [
    {
      testFrameworkName: 'python-generic',
      testFrameworkVersion: 'python-generic-sdk/1.53.4',
      testFrameworkState: 'INIT_TEST',
      timestamp: '2026-07-27T19:20:52.821Z',
      uuid: '82623178-5f7b-4105-bab9-f18cfb1d878d',
      kind: 'TEST_LOG',
      message: '2026-07-27T19:21:27Z [browserstack_sdk.client][INFO] - TestClient: Found driver on current thread',
      level: 'INFO',
      test_run_uuid: '82623178-5f7b-4105-bab9-f18cfb1d878d'
    }
  ]
} to 67176:0
2026-07-27T19:21:27.425Z CLI info [testhub:request-queue-handler]  [ypludnbaxyot2ifcndag0ihq6bbxwfgauyexp7ea]  [cec4fdeb-4131-48ce-9133-47178bb9ebe8]  Added the event {
  event_type: 'LogCreated',
  logs: [
    {
      testFrameworkName: 'python-generic',
      testFrameworkVersion: 'python-generic-sdk/1.53.4',
      testFrameworkState: 'INIT_TEST',
      timestamp: '2026-07-27T19:20:52.821Z',
      uuid: '82623178-5f7b-4105-bab9-f18cfb1d878d',
      kind: 'TEST_LOG',
      message: "2026-07-27T19:21:27Z [browserstack_sdk.client][ERROR] - TestClient: Failed to set session name: 'sessionId'",
      level: 'INFO',
      test_run_uuid: '82623178-5f7b-4105-bab9-f18cfb1d878d'
    }
  ]
} to 67176:0
2026-07-27T19:21:27.428Z CLI info [testhub:request-queue-handler]  [ypludnbaxyot2ifcndag0ihq6bbxwfgauyexp7ea]  [cec4fdeb-4131-48ce-9133-47178bb9ebe8]  Added the event {
  event_type: 'TestRunFinished',
  test_run: {
    type: 'test',
    framework: 'python-generic',
    uuid: '82623178-5f7b-4105-bab9-f18cfb1d878d',
    name: 'main',
    body: { lang: 'python', code: null },
    identifier: 'main',
    scope: '',
    scopes: [ 'main' ],
    file_name: 'main.py',
    vc_filepath: '',
    location: 'main.py',
    meta: {
      test_framework: 'python-generic',
      manual_integration: true,
      agent_version: 'python-generic-sdk/1.53.4',
      test_type: 'functional',
      source_line: 38,
      cbt_session_linked: false
    },
    result: 'passed',
    duration_in_ms: 32918,
    started_at: '2026-07-27T19:20:54.494Z',
    finished_at: '2026-07-27T19:21:27.412Z',
    failure: null,
    failure_type: null,
    failure_reason: undefined,
    retry_of: null,
    custom_metadata: {},
    tags: [],
    customRerunParam: { rerun_name: 'main.py::main' },
    hooks: [],
    product_map: {
      observability: true,
      accessibility: false,
      percy: false,
      automate: true,
      app_automate: false,
      lts: false
    },
    integrations: { browserstack: [Object] }
  },
  logs: []
} to 67176:0
2026-07-27T19:21:27.429Z CLI info [testhub:request-queue-handler]  [ypludnbaxyot2ifcndag0ihq6bbxwfgauyexp7ea]  [cec4fdeb-4131-48ce-9133-47178bb9ebe8]  Added the event {
  event_type: 'LogCreated',
  logs: [
    {
      testFrameworkName: 'python-generic',
      testFrameworkVersion: 'python-generic-sdk/1.53.4',
      testFrameworkState: 'INIT_TEST',
      timestamp: '2026-07-27T19:20:52.821Z',
      uuid: '82623178-5f7b-4105-bab9-f18cfb1d878d',
      kind: 'TEST_LOG',
      message: "2026-07-27T19:21:27Z [browserstack_sdk.client][ERROR] - TestClient: Failed to mark session status: 'sessionId'",
      level: 'INFO',
      test_run_uuid: '82623178-5f7b-4105-bab9-f18cfb1d878d'
    }
  ]
} to 67176:0
2026-07-27T19:21:27.874Z CLI info [testhub:request-queue-handler]  [ypludnbaxyot2ifcndag0ihq6bbxwfgauyexp7ea]  [cec4fdeb-4131-48ce-9133-47178bb9ebe8]  Added the event {
  event_type: 'LogCreated',
  logs: [
    {
      testFrameworkName: 'python-generic',
      testFrameworkVersion: 'python-generic-sdk/1.53.4',
      testFrameworkState: 'INIT_TEST',
      timestamp: '2026-07-27T19:20:52.994Z',
      uuid: '0f6a8a62-c652-407e-841c-862fce9c2602',
      kind: 'TEST_LOG',
      message: '19:21:27 [INFO] Analyzed 23 total words across headers. Found 1 repeated > 2 times.',
      level: 'ERROR',
      test_run_uuid: '0f6a8a62-c652-407e-841c-862fce9c2602'
    }
  ]
} to 67176:0
2026-07-27T19:21:27.876Z CLI info [testhub:request-queue-handler]  [ypludnbaxyot2ifcndag0ihq6bbxwfgauyexp7ea]  [cec4fdeb-4131-48ce-9133-47178bb9ebe8]  Added the event {
  event_type: 'LogCreated',
  logs: [
    {
      testFrameworkName: 'python-generic',
      testFrameworkVersion: 'python-generic-sdk/1.53.4',
      testFrameworkState: 'INIT_TEST',
      timestamp: '2026-07-27T19:20:52.994Z',
      uuid: '0f6a8a62-c652-407e-841c-862fce9c2602',
      kind: 'TEST_LOG',
      message: '2026-07-27T19:21:27Z [BrowserStack_CE_Pipeline][INFO] - Analyzed 23 total words across headers. Found 1 repeated > 2 times.',
      level: 'INFO',
      test_run_uuid: '0f6a8a62-c652-407e-841c-862fce9c2602'
    }
  ]
} to 67176:0
2026-07-27T19:21:27.878Z CLI info [testhub:request-queue-handler]  [ypludnbaxyot2ifcndag0ihq6bbxwfgauyexp7ea]  [cec4fdeb-4131-48ce-9133-47178bb9ebe8]  Added the event {
  event_type: 'LogCreated',
  logs: [
    {
      testFrameworkName: 'python-generic',
      testFrameworkVersion: 'python-generic-sdk/1.53.4',
      testFrameworkState: 'INIT_TEST',
      timestamp: '2026-07-27T19:20:52.994Z',
      uuid: '0f6a8a62-c652-407e-841c-862fce9c2602',
      kind: 'TEST_LOG',
      message: '19:21:27 [INFO] --- Pipeline Execution Complete ---',
      level: 'ERROR',
      test_run_uuid: '0f6a8a62-c652-407e-841c-862fce9c2602'
    }
  ]
} to 67176:0
2026-07-27T19:21:27.880Z CLI info [testhub:request-queue-handler]  [ypludnbaxyot2ifcndag0ihq6bbxwfgauyexp7ea]  [cec4fdeb-4131-48ce-9133-47178bb9ebe8]  Added the event {
  event_type: 'LogCreated',
  logs: [
    {
      testFrameworkName: 'python-generic',
      testFrameworkVersion: 'python-generic-sdk/1.53.4',
      testFrameworkState: 'INIT_TEST',
      timestamp: '2026-07-27T19:20:52.994Z',
      uuid: '0f6a8a62-c652-407e-841c-862fce9c2602',
      kind: 'TEST_LOG',
      message: '2026-07-27T19:21:27Z [BrowserStack_CE_Pipeline][INFO] - --- Pipeline Execution Complete ---',
      level: 'INFO',
      test_run_uuid: '0f6a8a62-c652-407e-841c-862fce9c2602'
    }
  ]
} to 67176:0
2026-07-27T19:21:27.882Z CLI info [testhub:request-queue-handler]  [ypludnbaxyot2ifcndag0ihq6bbxwfgauyexp7ea]  [cec4fdeb-4131-48ce-9133-47178bb9ebe8]  Added the event {
  event_type: 'LogCreated',
  logs: [
    {
      testFrameworkName: 'python-generic',
      testFrameworkVersion: 'python-generic-sdk/1.53.4',
      testFrameworkState: 'INIT_TEST',
      timestamp: '2026-07-27T19:20:52.994Z',
      uuid: '0f6a8a62-c652-407e-841c-862fce9c2602',
      kind: 'TEST_LOG',
      message: '19:21:27 [INFO] JSON Report exported to: output/report_BrowserStack_SDK_Run.json',
      level: 'ERROR',
      test_run_uuid: '0f6a8a62-c652-407e-841c-862fce9c2602'
    }
  ]
} to 67176:0
2026-07-27T19:21:27.883Z CLI info [testhub:request-queue-handler]  [ypludnbaxyot2ifcndag0ihq6bbxwfgauyexp7ea]  [cec4fdeb-4131-48ce-9133-47178bb9ebe8]  Added the event {
  event_type: 'LogCreated',
  logs: [
    {
      testFrameworkName: 'python-generic',
      testFrameworkVersion: 'python-generic-sdk/1.53.4',
      testFrameworkState: 'INIT_TEST',
      timestamp: '2026-07-27T19:20:52.994Z',
      uuid: '0f6a8a62-c652-407e-841c-862fce9c2602',
      kind: 'TEST_LOG',
      message: '2026-07-27T19:21:27Z [BrowserStack_CE_Pipeline][INFO] - JSON Report exported to: output/report_BrowserStack_SDK_Run.json',
      level: 'INFO',
      test_run_uuid: '0f6a8a62-c652-407e-841c-862fce9c2602'
    }
  ]
} to 67176:0
2026-07-27T19:21:27.885Z CLI info [testhub:request-queue-handler]  [ypludnbaxyot2ifcndag0ihq6bbxwfgauyexp7ea]  [cec4fdeb-4131-48ce-9133-47178bb9ebe8]  Added the event {
  event_type: 'LogCreated',
  logs: [
    {
      testFrameworkName: 'python-generic',
      testFrameworkVersion: 'python-generic-sdk/1.53.4',
      testFrameworkState: 'INIT_TEST',
      timestamp: '2026-07-27T19:20:52.994Z',
      uuid: '0f6a8a62-c652-407e-841c-862fce9c2602',
      kind: 'TEST_LOG',
      message: '19:21:27 [INFO] Summary Report exported to: output/report_summary.txt',
      level: 'ERROR',
      test_run_uuid: '0f6a8a62-c652-407e-841c-862fce9c2602'
    }
  ]
} to 67176:0
2026-07-27T19:21:27.889Z CLI info [testhub:request-queue-handler]  [ypludnbaxyot2ifcndag0ihq6bbxwfgauyexp7ea]  [cec4fdeb-4131-48ce-9133-47178bb9ebe8]  Added the event {
  event_type: 'LogCreated',
  logs: [
    {
      testFrameworkName: 'python-generic',
      testFrameworkVersion: 'python-generic-sdk/1.53.4',
      testFrameworkState: 'INIT_TEST',
      timestamp: '2026-07-27T19:20:52.994Z',
      uuid: '0f6a8a62-c652-407e-841c-862fce9c2602',
      kind: 'TEST_LOG',
      message: '2026-07-27T19:21:27Z [BrowserStack_CE_Pipeline][INFO] - Summary Report exported to: output/report_summary.txt',
      level: 'INFO',
      test_run_uuid: '0f6a8a62-c652-407e-841c-862fce9c2602'
    }
  ]
} to 67176:0
2026-07-27T19:21:27.890Z CLI info [testhub:request-queue-handler]  [ypludnbaxyot2ifcndag0ihq6bbxwfgauyexp7ea]  [cec4fdeb-4131-48ce-9133-47178bb9ebe8]  Added the event {
  event_type: 'LogCreated',
  logs: [
    {
      testFrameworkName: 'python-generic',
      testFrameworkVersion: 'python-generic-sdk/1.53.4',
      testFrameworkState: 'INIT_TEST',
      timestamp: '2026-07-27T19:20:52.994Z',
      uuid: '0f6a8a62-c652-407e-841c-862fce9c2602',
      kind: 'TEST_LOG',
      message: '19:21:27 [INFO] ✅ Execution completed successfully!',
      level: 'ERROR',
      test_run_uuid: '0f6a8a62-c652-407e-841c-862fce9c2602'
    }
  ]
} to 67176:0
2026-07-27T19:21:27.893Z CLI info [testhub:request-queue-handler]  [ypludnbaxyot2ifcndag0ihq6bbxwfgauyexp7ea]  [cec4fdeb-4131-48ce-9133-47178bb9ebe8]  Added the event {
  event_type: 'LogCreated',
  logs: [
    {
      testFrameworkName: 'python-generic',
      testFrameworkVersion: 'python-generic-sdk/1.53.4',
      testFrameworkState: 'INIT_TEST',
      timestamp: '2026-07-27T19:20:52.994Z',
      uuid: '0f6a8a62-c652-407e-841c-862fce9c2602',
      kind: 'TEST_LOG',
      message: '2026-07-27T19:21:27Z [BrowserStack_CE_Pipeline][INFO] - ✅ Execution completed successfully!',
      level: 'INFO',
      test_run_uuid: '0f6a8a62-c652-407e-841c-862fce9c2602'
    }
  ]
} to 67176:0
2026-07-27T19:21:28.485Z CLI info [testhub:request-queue-handler]  [ypludnbaxyot2ifcndag0ihq6bbxwfgauyexp7ea]  [cec4fdeb-4131-48ce-9133-47178bb9ebe8]  Processing batch event [
  {
    event_type: 'LogCreated',
    logs: [
      {
        testFrameworkName: 'python-generic',
        testFrameworkVersion: 'python-generic-sdk/1.53.4',
        testFrameworkState: 'INIT_TEST',
        timestamp: '2026-07-27T19:20:52.821Z',
        uuid: '82623178-5f7b-4105-bab9-f18cfb1d878d',
        kind: 'TEST_LOG',
        message: '2026-07-27T19:21:27Z [browserstack_sdk.client][INFO] - TestClient: Accessibility not enabled for this platform (is_enabled_platform returned False)',
        level: 'INFO',
        test_run_uuid: '82623178-5f7b-4105-bab9-f18cfb1d878d'
      }
    ]
  },
  {
    event_type: 'LogCreated',
    logs: [
      {
        testFrameworkName: 'python-generic',
        testFrameworkVersion: 'python-generic-sdk/1.53.4',
        testFrameworkState: 'INIT_TEST',
        timestamp: '2026-07-27T19:20:52.821Z',
        uuid: '82623178-5f7b-4105-bab9-f18cfb1d878d',
        kind: 'TEST_LOG',
        message: '2026-07-27T19:21:27Z [browserstack_sdk.client][INFO] - TestClient: Found driver on current thread',
        level: 'INFO',
        test_run_uuid: '82623178-5f7b-4105-bab9-f18cfb1d878d'
      }
    ]
  },
  {
    event_type: 'LogCreated',
    logs: [
      {
        testFrameworkName: 'python-generic',
        testFrameworkVersion: 'python-generic-sdk/1.53.4',
        testFrameworkState: 'INIT_TEST',
        timestamp: '2026-07-27T19:20:52.821Z',
        uuid: '82623178-5f7b-4105-bab9-f18cfb1d878d',
        kind: 'TEST_LOG',
        message: "2026-07-27T19:21:27Z [browserstack_sdk.client][ERROR] - TestClient: Failed to set session name: 'sessionId'",
        level: 'INFO',
        test_run_uuid: '82623178-5f7b-4105-bab9-f18cfb1d878d'
      }
    ]
  },
  {
    event_type: 'TestRunFinished',
    test_run: {
      type: 'test',
      framework: 'python-generic',
      uuid: '82623178-5f7b-4105-bab9-f18cfb1d878d',
      name: 'main',
      body: { lang: 'python', code: null },
      identifier: 'main',
      scope: '',
      scopes: [ 'main' ],
      file_name: 'main.py',
      vc_filepath: '',
      location: 'main.py',
      meta: {
        test_framework: 'python-generic',
        manual_integration: true,
        agent_version: 'python-generic-sdk/1.53.4',
        test_type: 'functional',
        source_line: 38,
        cbt_session_linked: false
      },
      result: 'passed',
      duration_in_ms: 32918,
      started_at: '2026-07-27T19:20:54.494Z',
      finished_at: '2026-07-27T19:21:27.412Z',
      failure: null,
      failure_type: null,
      failure_reason: undefined,
      retry_of: null,
      custom_metadata: {},
      tags: [],
      customRerunParam: { rerun_name: 'main.py::main' },
      hooks: [],
      product_map: {
        observability: true,
        accessibility: false,
        percy: false,
        automate: true,
        app_automate: false,
        lts: false
      },
      integrations: {
        browserstack: {
          capabilities: {
            'moz:profile': 'C:\\Windows\\proxy\\rust_mozprofile6Z5Eii',
            'moz:geckodriverVersion': '0.37.1',
            timeouts: { implicit: 0, pageLoad: 300000, script: 30000 },
            pageLoadStrategy: 'normal',
            unhandledPromptBehavior: 'dismiss and notify',
            strictFileInteractability: false,
            userAgent: 'Mozilla/5.0 (Windows NT 10.0; Win64; x64; rv:153.0) Gecko/20100101 Firefox/153.0',
            'moz:headless': false,
            'moz:windowless': false,
            proxy: {},
            'moz:accessibilityChecks': false,
            acceptInsecureCerts: true,
            browserVersion: '153.0',
            'moz:shutdownTimeout': 60000,
            'moz:processID': 9096,
            browserName: 'firefox',
            'moz:buildID': '20260715202819',
            'moz:platformVersion': '10.0',
            platformName: 'windows',
            setWindowRect: true,
            'moz:webdriverClick': true,
            'webdriver.remote.sessionid': '2471fdd7de914b584d5c8af66f649e2c77d27d8d'
          },
          browser: 'firefox',
          browser_version: '153.0',
          platform: 'windows',
          platform_version: null,
          product: 'automate'
        }
      }
    },
    logs: []
  },
  {
    event_type: 'LogCreated',
    logs: [
      {
        testFrameworkName: 'python-generic',
        testFrameworkVersion: 'python-generic-sdk/1.53.4',
        testFrameworkState: 'INIT_TEST',
        timestamp: '2026-07-27T19:20:52.821Z',
        uuid: '82623178-5f7b-4105-bab9-f18cfb1d878d',
        kind: 'TEST_LOG',
        message: "2026-07-27T19:21:27Z [browserstack_sdk.client][ERROR] - TestClient: Failed to mark session status: 'sessionId'",
        level: 'INFO',
        test_run_uuid: '82623178-5f7b-4105-bab9-f18cfb1d878d'
      }
    ]
  },
  {
    event_type: 'LogCreated',
    logs: [
      {
        testFrameworkName: 'python-generic',
        testFrameworkVersion: 'python-generic-sdk/1.53.4',
        testFrameworkState: 'INIT_TEST',
        timestamp: '2026-07-27T19:20:52.994Z',
        uuid: '0f6a8a62-c652-407e-841c-862fce9c2602',
        kind: 'TEST_LOG',
        message: '19:21:27 [INFO] Analyzed 23 total words across headers. Found 1 repeated > 2 times.',
        level: 'ERROR',
        test_run_uuid: '0f6a8a62-c652-407e-841c-862fce9c2602'
      }
    ]
  },
  {
    event_type: 'LogCreated',
    logs: [
      {
        testFrameworkName: 'python-generic',
        testFrameworkVersion: 'python-generic-sdk/1.53.4',
        testFrameworkState: 'INIT_TEST',
        timestamp: '2026-07-27T19:20:52.994Z',
        uuid: '0f6a8a62-c652-407e-841c-862fce9c2602',
        kind: 'TEST_LOG',
        message: '2026-07-27T19:21:27Z [BrowserStack_CE_Pipeline][INFO] - Analyzed 23 total words across headers. Found 1 repeated > 2 times.',
        level: 'INFO',
        test_run_uuid: '0f6a8a62-c652-407e-841c-862fce9c2602'
      }
    ]
  },
  {
    event_type: 'LogCreated',
    logs: [
      {
        testFrameworkName: 'python-generic',
        testFrameworkVersion: 'python-generic-sdk/1.53.4',
        testFrameworkState: 'INIT_TEST',
        timestamp: '2026-07-27T19:20:52.994Z',
        uuid: '0f6a8a62-c652-407e-841c-862fce9c2602',
        kind: 'TEST_LOG',
        message: '19:21:27 [INFO] --- Pipeline Execution Complete ---',
        level: 'ERROR',
        test_run_uuid: '0f6a8a62-c652-407e-841c-862fce9c2602'
      }
    ]
  },
  {
    event_type: 'LogCreated',
    logs: [
      {
        testFrameworkName: 'python-generic',
        testFrameworkVersion: 'python-generic-sdk/1.53.4',
        testFrameworkState: 'INIT_TEST',
        timestamp: '2026-07-27T19:20:52.994Z',
        uuid: '0f6a8a62-c652-407e-841c-862fce9c2602',
        kind: 'TEST_LOG',
        message: '2026-07-27T19:21:27Z [BrowserStack_CE_Pipeline][INFO] - --- Pipeline Execution Complete ---',
        level: 'INFO',
        test_run_uuid: '0f6a8a62-c652-407e-841c-862fce9c2602'
      }
    ]
  },
  {
    event_type: 'LogCreated',
    logs: [
      {
        testFrameworkName: 'python-generic',
        testFrameworkVersion: 'python-generic-sdk/1.53.4',
        testFrameworkState: 'INIT_TEST',
        timestamp: '2026-07-27T19:20:52.994Z',
        uuid: '0f6a8a62-c652-407e-841c-862fce9c2602',
        kind: 'TEST_LOG',
        message: '19:21:27 [INFO] JSON Report exported to: output/report_BrowserStack_SDK_Run.json',
        level: 'ERROR',
        test_run_uuid: '0f6a8a62-c652-407e-841c-862fce9c2602'
      }
    ]
  },
  {
    event_type: 'LogCreated',
    logs: [
      {
        testFrameworkName: 'python-generic',
        testFrameworkVersion: 'python-generic-sdk/1.53.4',
        testFrameworkState: 'INIT_TEST',
        timestamp: '2026-07-27T19:20:52.994Z',
        uuid: '0f6a8a62-c652-407e-841c-862fce9c2602',
        kind: 'TEST_LOG',
        message: '2026-07-27T19:21:27Z [BrowserStack_CE_Pipeline][INFO] - JSON Report exported to: output/report_BrowserStack_SDK_Run.json',
        level: 'INFO',
        test_run_uuid: '0f6a8a62-c652-407e-841c-862fce9c2602'
      }
    ]
  },
  {
    event_type: 'LogCreated',
    logs: [
      {
        testFrameworkName: 'python-generic',
        testFrameworkVersion: 'python-generic-sdk/1.53.4',
        testFrameworkState: 'INIT_TEST',
        timestamp: '2026-07-27T19:20:52.994Z',
        uuid: '0f6a8a62-c652-407e-841c-862fce9c2602',
        kind: 'TEST_LOG',
        message: '19:21:27 [INFO] Summary Report exported to: output/report_summary.txt',
        level: 'ERROR',
        test_run_uuid: '0f6a8a62-c652-407e-841c-862fce9c2602'
      }
    ]
  },
  {
    event_type: 'LogCreated',
    logs: [
      {
        testFrameworkName: 'python-generic',
        testFrameworkVersion: 'python-generic-sdk/1.53.4',
        testFrameworkState: 'INIT_TEST',
        timestamp: '2026-07-27T19:20:52.994Z',
        uuid: '0f6a8a62-c652-407e-841c-862fce9c2602',
        kind: 'TEST_LOG',
        message: '2026-07-27T19:21:27Z [BrowserStack_CE_Pipeline][INFO] - Summary Report exported to: output/report_summary.txt',
        level: 'INFO',
        test_run_uuid: '0f6a8a62-c652-407e-841c-862fce9c2602'
      }
    ]
  },
  {
    event_type: 'LogCreated',
    logs: [
      {
        testFrameworkName: 'python-generic',
        testFrameworkVersion: 'python-generic-sdk/1.53.4',
        testFrameworkState: 'INIT_TEST',
        timestamp: '2026-07-27T19:20:52.994Z',
        uuid: '0f6a8a62-c652-407e-841c-862fce9c2602',
        kind: 'TEST_LOG',
        message: '19:21:27 [INFO] ✅ Execution completed successfully!',
        level: 'ERROR',
        test_run_uuid: '0f6a8a62-c652-407e-841c-862fce9c2602'
      }
    ]
  },
  {
    event_type: 'LogCreated',
    logs: [
      {
        testFrameworkName: 'python-generic',
        testFrameworkVersion: 'python-generic-sdk/1.53.4',
        testFrameworkState: 'INIT_TEST',
        timestamp: '2026-07-27T19:20:52.994Z',
        uuid: '0f6a8a62-c652-407e-841c-862fce9c2602',
        kind: 'TEST_LOG',
        message: '2026-07-27T19:21:27Z [BrowserStack_CE_Pipeline][INFO] - ✅ Execution completed successfully!',
        level: 'INFO',
        test_run_uuid: '0f6a8a62-c652-407e-841c-862fce9c2602'
      }
    ]
  }
] to 67176:0
2026-07-27T19:21:28.487Z CLI info  [ypludnbaxyot2ifcndag0ihq6bbxwfgauyexp7ea]  [cec4fdeb-4131-48ce-9133-47178bb9ebe8]  [PRODUCTION] Making POST request to https://collector-observability.browserstack.com
2026-07-27T19:21:28.915Z CLI info [testhub:request-queue-handler]  [ypludnbaxyot2ifcndag0ihq6bbxwfgauyexp7ea]  [cec4fdeb-4131-48ce-9133-47178bb9ebe8]  Added the event {
  event_type: 'LogCreated',
  logs: [
    {
      testFrameworkName: 'python-generic',
      testFrameworkVersion: 'python-generic-sdk/1.53.4',
      testFrameworkState: 'INIT_TEST',
      timestamp: '2026-07-27T19:20:52.926Z',
      uuid: '10e57b71-8a6f-495e-8b1d-996a48a9c47f',
      kind: 'TEST_LOG',
      message: "19:21:28 [INFO] HTML lang attribute verified: 'es-ES'",
      level: 'ERROR',
      test_run_uuid: '10e57b71-8a6f-495e-8b1d-996a48a9c47f'
    }
  ]
} to 67176:0
2026-07-27T19:21:28.918Z CLI info [testhub:request-queue-handler]  [ypludnbaxyot2ifcndag0ihq6bbxwfgauyexp7ea]  [cec4fdeb-4131-48ce-9133-47178bb9ebe8]  Added the event {
  event_type: 'LogCreated',
  logs: [
    {
      testFrameworkName: 'python-generic',
      testFrameworkVersion: 'python-generic-sdk/1.53.4',
      testFrameworkState: 'INIT_TEST',
      timestamp: '2026-07-27T19:20:52.926Z',
      uuid: '10e57b71-8a6f-495e-8b1d-996a48a9c47f',
      kind: 'TEST_LOG',
      message: "2026-07-27T19:21:28Z [BrowserStack_CE_Pipeline][INFO] - HTML lang attribute verified: 'es-ES'",
      level: 'INFO',
      test_run_uuid: '10e57b71-8a6f-495e-8b1d-996a48a9c47f'
    }
  ]
} to 67176:0
2026-07-27T19:21:30.485Z CLI info [testhub:request-queue-handler]  [ypludnbaxyot2ifcndag0ihq6bbxwfgauyexp7ea]  [cec4fdeb-4131-48ce-9133-47178bb9ebe8]  Processing batch event [
  {
    event_type: 'LogCreated',
    logs: [
      {
        testFrameworkName: 'python-generic',
        testFrameworkVersion: 'python-generic-sdk/1.53.4',
        testFrameworkState: 'INIT_TEST',
        timestamp: '2026-07-27T19:20:52.926Z',
        uuid: '10e57b71-8a6f-495e-8b1d-996a48a9c47f',
        kind: 'TEST_LOG',
        message: "19:21:28 [INFO] HTML lang attribute verified: 'es-ES'",
        level: 'ERROR',
        test_run_uuid: '10e57b71-8a6f-495e-8b1d-996a48a9c47f'
      }
    ]
  },
  {
    event_type: 'LogCreated',
    logs: [
      {
        testFrameworkName: 'python-generic',
        testFrameworkVersion: 'python-generic-sdk/1.53.4',
        testFrameworkState: 'INIT_TEST',
        timestamp: '2026-07-27T19:20:52.926Z',
        uuid: '10e57b71-8a6f-495e-8b1d-996a48a9c47f',
        kind: 'TEST_LOG',
        message: "2026-07-27T19:21:28Z [BrowserStack_CE_Pipeline][INFO] - HTML lang attribute verified: 'es-ES'",
        level: 'INFO',
        test_run_uuid: '10e57b71-8a6f-495e-8b1d-996a48a9c47f'
      }
    ]
  }
] to 67176:0
2026-07-27T19:21:30.486Z CLI info  [ypludnbaxyot2ifcndag0ihq6bbxwfgauyexp7ea]  [cec4fdeb-4131-48ce-9133-47178bb9ebe8]  [PRODUCTION] Making POST request to https://collector-observability.browserstack.com
2026-07-27T19:21:31.512Z CLI info [testhub:request-queue-handler]  [ypludnbaxyot2ifcndag0ihq6bbxwfgauyexp7ea]  [cec4fdeb-4131-48ce-9133-47178bb9ebe8]  Added the event {
  event_type: 'LogCreated',
  logs: [
    {
      testFrameworkName: 'python-generic',
      testFrameworkVersion: 'python-generic-sdk/1.53.4',
      testFrameworkState: 'INIT_TEST',
      timestamp: '2026-07-27T19:20:52.994Z',
      uuid: '0f6a8a62-c652-407e-841c-862fce9c2602',
      kind: 'TEST_LOG',
      message: '2026-07-27T19:21:31Z [browserstack_sdk.client][INFO] - TestClient: Accessibility not enabled for this platform (is_enabled_platform returned False)',
      level: 'INFO',
      test_run_uuid: '0f6a8a62-c652-407e-841c-862fce9c2602'
    }
  ]
} to 67176:0
2026-07-27T19:21:31.516Z CLI info [testhub:request-queue-handler]  [ypludnbaxyot2ifcndag0ihq6bbxwfgauyexp7ea]  [cec4fdeb-4131-48ce-9133-47178bb9ebe8]  Added the event {
  event_type: 'LogCreated',
  logs: [
    {
      testFrameworkName: 'python-generic',
      testFrameworkVersion: 'python-generic-sdk/1.53.4',
      testFrameworkState: 'INIT_TEST',
      timestamp: '2026-07-27T19:20:52.994Z',
      uuid: '0f6a8a62-c652-407e-841c-862fce9c2602',
      kind: 'TEST_LOG',
      message: '2026-07-27T19:21:31Z [browserstack_sdk.client][INFO] - TestClient: Found driver on current thread',
      level: 'INFO',
      test_run_uuid: '0f6a8a62-c652-407e-841c-862fce9c2602'
    }
  ]
} to 67176:0
2026-07-27T19:21:31.524Z CLI info [testhub:request-queue-handler]  [ypludnbaxyot2ifcndag0ihq6bbxwfgauyexp7ea]  [cec4fdeb-4131-48ce-9133-47178bb9ebe8]  Added the event {
  event_type: 'LogCreated',
  logs: [
    {
      testFrameworkName: 'python-generic',
      testFrameworkVersion: 'python-generic-sdk/1.53.4',
      testFrameworkState: 'INIT_TEST',
      timestamp: '2026-07-27T19:20:52.994Z',
      uuid: '0f6a8a62-c652-407e-841c-862fce9c2602',
      kind: 'TEST_LOG',
      message: "2026-07-27T19:21:31Z [browserstack_sdk.client][ERROR] - TestClient: Failed to set session name: 'sessionId'",
      level: 'INFO',
      test_run_uuid: '0f6a8a62-c652-407e-841c-862fce9c2602'
    }
  ]
} to 67176:0
2026-07-27T19:21:31.543Z CLI info [testhub:request-queue-handler]  [ypludnbaxyot2ifcndag0ihq6bbxwfgauyexp7ea]  [cec4fdeb-4131-48ce-9133-47178bb9ebe8]  Added the event {
  event_type: 'TestRunFinished',
  test_run: {
    type: 'test',
    framework: 'python-generic',
    uuid: '0f6a8a62-c652-407e-841c-862fce9c2602',
    name: 'main',
    body: { lang: 'python', code: null },
    identifier: 'main',
    scope: '',
    scopes: [ 'main' ],
    file_name: 'main.py',
    vc_filepath: '',
    location: 'main.py',
    meta: {
      test_framework: 'python-generic',
      manual_integration: true,
      agent_version: 'python-generic-sdk/1.53.4',
      test_type: 'functional',
      source_line: 38,
      cbt_session_linked: false
    },
    result: 'passed',
    duration_in_ms: 36475,
    started_at: '2026-07-27T19:20:55.044Z',
    finished_at: '2026-07-27T19:21:31.519Z',
    failure: null,
    failure_type: null,
    failure_reason: undefined,
    retry_of: null,
    custom_metadata: {},
    tags: [],
    customRerunParam: { rerun_name: 'main.py::main' },
    hooks: [],
    product_map: {
      observability: true,
      accessibility: false,
      percy: false,
      automate: true,
      app_automate: false,
      lts: false
    },
    integrations: { browserstack: [Object] }
  },
  logs: []
} to 67176:0
2026-07-27T19:21:31.545Z CLI info [testhub:request-queue-handler]  [ypludnbaxyot2ifcndag0ihq6bbxwfgauyexp7ea]  [cec4fdeb-4131-48ce-9133-47178bb9ebe8]  Added the event {
  event_type: 'LogCreated',
  logs: [
    {
      testFrameworkName: 'python-generic',
      testFrameworkVersion: 'python-generic-sdk/1.53.4',
      testFrameworkState: 'INIT_TEST',
      timestamp: '2026-07-27T19:20:52.994Z',
      uuid: '0f6a8a62-c652-407e-841c-862fce9c2602',
      kind: 'TEST_LOG',
      message: "2026-07-27T19:21:31Z [browserstack_sdk.client][ERROR] - TestClient: Failed to mark session status: 'sessionId'",
      level: 'INFO',
      test_run_uuid: '0f6a8a62-c652-407e-841c-862fce9c2602'
    }
  ]
} to 67176:0
2026-07-27T19:21:32.485Z CLI info [testhub:request-queue-handler]  [ypludnbaxyot2ifcndag0ihq6bbxwfgauyexp7ea]  [cec4fdeb-4131-48ce-9133-47178bb9ebe8]  Processing batch event [
  {
    event_type: 'LogCreated',
    logs: [
      {
        testFrameworkName: 'python-generic',
        testFrameworkVersion: 'python-generic-sdk/1.53.4',
        testFrameworkState: 'INIT_TEST',
        timestamp: '2026-07-27T19:20:52.994Z',
        uuid: '0f6a8a62-c652-407e-841c-862fce9c2602',
        kind: 'TEST_LOG',
        message: '2026-07-27T19:21:31Z [browserstack_sdk.client][INFO] - TestClient: Accessibility not enabled for this platform (is_enabled_platform returned False)',
        level: 'INFO',
        test_run_uuid: '0f6a8a62-c652-407e-841c-862fce9c2602'
      }
    ]
  },
  {
    event_type: 'LogCreated',
    logs: [
      {
        testFrameworkName: 'python-generic',
        testFrameworkVersion: 'python-generic-sdk/1.53.4',
        testFrameworkState: 'INIT_TEST',
        timestamp: '2026-07-27T19:20:52.994Z',
        uuid: '0f6a8a62-c652-407e-841c-862fce9c2602',
        kind: 'TEST_LOG',
        message: '2026-07-27T19:21:31Z [browserstack_sdk.client][INFO] - TestClient: Found driver on current thread',
        level: 'INFO',
        test_run_uuid: '0f6a8a62-c652-407e-841c-862fce9c2602'
      }
    ]
  },
  {
    event_type: 'LogCreated',
    logs: [
      {
        testFrameworkName: 'python-generic',
        testFrameworkVersion: 'python-generic-sdk/1.53.4',
        testFrameworkState: 'INIT_TEST',
        timestamp: '2026-07-27T19:20:52.994Z',
        uuid: '0f6a8a62-c652-407e-841c-862fce9c2602',
        kind: 'TEST_LOG',
        message: "2026-07-27T19:21:31Z [browserstack_sdk.client][ERROR] - TestClient: Failed to set session name: 'sessionId'",
        level: 'INFO',
        test_run_uuid: '0f6a8a62-c652-407e-841c-862fce9c2602'
      }
    ]
  },
  {
    event_type: 'TestRunFinished',
    test_run: {
      type: 'test',
      framework: 'python-generic',
      uuid: '0f6a8a62-c652-407e-841c-862fce9c2602',
      name: 'main',
      body: { lang: 'python', code: null },
      identifier: 'main',
      scope: '',
      scopes: [ 'main' ],
      file_name: 'main.py',
      vc_filepath: '',
      location: 'main.py',
      meta: {
        test_framework: 'python-generic',
        manual_integration: true,
        agent_version: 'python-generic-sdk/1.53.4',
        test_type: 'functional',
        source_line: 38,
        cbt_session_linked: false
      },
      result: 'passed',
      duration_in_ms: 36475,
      started_at: '2026-07-27T19:20:55.044Z',
      finished_at: '2026-07-27T19:21:31.519Z',
      failure: null,
      failure_type: null,
      failure_reason: undefined,
      retry_of: null,
      custom_metadata: {},
      tags: [],
      customRerunParam: { rerun_name: 'main.py::main' },
      hooks: [],
      product_map: {
        observability: true,
        accessibility: false,
        percy: false,
        automate: true,
        app_automate: false,
        lts: false
      },
      integrations: {
        browserstack: {
          capabilities: {
            platform: 'LINUX',
            webStorageEnabled: false,
            takesScreenshot: true,
            javascriptEnabled: true,
            databaseEnabled: false,
            networkConnectionEnabled: true,
            locationContextEnabled: false,
            warnings: {},
            desired: {
              pageLoadStrategy: 'normal',
              'goog:chromeOptions': {
                args: [
                  '--proxy-bypass-list=<-loopback>',
                  'test-type',
                  '--proxy-server=http://31.6.63.51:26080',
                  '--disable-features=Translate'
                ]
              },
              platformName: 'Android',
              browserName: 'chrome',
              newCommandTimeout: 0,
              deviceName: 'android',
              systemPort: 8200,
              udid: 'RZCX50XL2BA',
              chromedriverPort: 18080,
              skipServerInstallation: true
            },
            pageLoadStrategy: 'normal',
            'goog:chromeOptions': {
              args: [
                '--proxy-bypass-list=<-loopback>',
                'test-type',
                '--proxy-server=http://31.6.63.51:26080',
                '--disable-features=Translate'
              ]
            },
            platformName: 'Android',
            browserName: 'chrome',
            newCommandTimeout: 0,
            deviceName: 'RZCX50XL2BA',
            systemPort: 8200,
            udid: 'RZCX50XL2BA',
            chromedriverPort: 18080,
            skipServerInstallation: true,
            appPackage: 'com.android.chrome',
            appActivity: 'com.google.android.apps.chrome.Main',
            deviceUDID: 'RZCX50XL2BA',
            deviceApiLevel: 34,
            platformVersion: '14',
            deviceScreenSize: '1080x2340',
            deviceScreenDensity: 480,
            deviceModel: 'SM-S921B',
            deviceManufacturer: 'samsung',
            pixelRatio: 3,
            statBarHeight: 88,
            viewportRect: { left: 0, top: 88, width: 1080, height: 2021 }
          },
          browser: 'chrome',
          browser_version: null,
          platform: 'Android',
          platform_version: '14',
          product: 'automate'
        }
      }
    },
    logs: []
  },
  {
    event_type: 'LogCreated',
    logs: [
      {
        testFrameworkName: 'python-generic',
        testFrameworkVersion: 'python-generic-sdk/1.53.4',
        testFrameworkState: 'INIT_TEST',
        timestamp: '2026-07-27T19:20:52.994Z',
        uuid: '0f6a8a62-c652-407e-841c-862fce9c2602',
        kind: 'TEST_LOG',
        message: "2026-07-27T19:21:31Z [browserstack_sdk.client][ERROR] - TestClient: Failed to mark session status: 'sessionId'",
        level: 'INFO',
        test_run_uuid: '0f6a8a62-c652-407e-841c-862fce9c2602'
      }
    ]
  }
] to 67176:0
2026-07-27T19:21:32.486Z CLI info  [ypludnbaxyot2ifcndag0ihq6bbxwfgauyexp7ea]  [cec4fdeb-4131-48ce-9133-47178bb9ebe8]  [PRODUCTION] Making POST request to https://collector-observability.browserstack.com
2026-07-27T19:21:33.088Z CLI info [testhub:request-queue-handler]  [ypludnbaxyot2ifcndag0ihq6bbxwfgauyexp7ea]  [cec4fdeb-4131-48ce-9133-47178bb9ebe8]  Added the event {
  event_type: 'LogCreated',
  logs: [
    {
      testFrameworkName: 'python-generic',
      testFrameworkVersion: 'python-generic-sdk/1.53.4',
      testFrameworkState: 'INIT_TEST',
      timestamp: '2026-07-27T19:20:52.926Z',
      uuid: '10e57b71-8a6f-495e-8b1d-996a48a9c47f',
      kind: 'TEST_LOG',
      message: "19:21:33 [INFO] Successfully scraped 5 articles from 'opinion'.",
      level: 'ERROR',
      test_run_uuid: '10e57b71-8a6f-495e-8b1d-996a48a9c47f'
    }
  ]
} to 67176:0
2026-07-27T19:21:33.091Z CLI info [testhub:request-queue-handler]  [ypludnbaxyot2ifcndag0ihq6bbxwfgauyexp7ea]  [cec4fdeb-4131-48ce-9133-47178bb9ebe8]  Added the event {
  event_type: 'LogCreated',
  logs: [
    {
      testFrameworkName: 'python-generic',
      testFrameworkVersion: 'python-generic-sdk/1.53.4',
      testFrameworkState: 'INIT_TEST',
      timestamp: '2026-07-27T19:20:52.926Z',
      uuid: '10e57b71-8a6f-495e-8b1d-996a48a9c47f',
      kind: 'TEST_LOG',
      message: "2026-07-27T19:21:33Z [BrowserStack_CE_Pipeline][INFO] - Successfully scraped 5 articles from 'opinion'.",
      level: 'INFO',
      test_run_uuid: '10e57b71-8a6f-495e-8b1d-996a48a9c47f'
    }
  ]
} to 67176:0
2026-07-27T19:21:34.485Z CLI info [testhub:request-queue-handler]  [ypludnbaxyot2ifcndag0ihq6bbxwfgauyexp7ea]  [cec4fdeb-4131-48ce-9133-47178bb9ebe8]  Processing batch event [
  {
    event_type: 'LogCreated',
    logs: [
      {
        testFrameworkName: 'python-generic',
        testFrameworkVersion: 'python-generic-sdk/1.53.4',
        testFrameworkState: 'INIT_TEST',
        timestamp: '2026-07-27T19:20:52.926Z',
        uuid: '10e57b71-8a6f-495e-8b1d-996a48a9c47f',
        kind: 'TEST_LOG',
        message: "19:21:33 [INFO] Successfully scraped 5 articles from 'opinion'.",
        level: 'ERROR',
        test_run_uuid: '10e57b71-8a6f-495e-8b1d-996a48a9c47f'
      }
    ]
  },
  {
    event_type: 'LogCreated',
    logs: [
      {
        testFrameworkName: 'python-generic',
        testFrameworkVersion: 'python-generic-sdk/1.53.4',
        testFrameworkState: 'INIT_TEST',
        timestamp: '2026-07-27T19:20:52.926Z',
        uuid: '10e57b71-8a6f-495e-8b1d-996a48a9c47f',
        kind: 'TEST_LOG',
        message: "2026-07-27T19:21:33Z [BrowserStack_CE_Pipeline][INFO] - Successfully scraped 5 articles from 'opinion'.",
        level: 'INFO',
        test_run_uuid: '10e57b71-8a6f-495e-8b1d-996a48a9c47f'
      }
    ]
  }
] to 67176:0
2026-07-27T19:21:34.486Z CLI info  [ypludnbaxyot2ifcndag0ihq6bbxwfgauyexp7ea]  [cec4fdeb-4131-48ce-9133-47178bb9ebe8]  [PRODUCTION] Making POST request to https://collector-observability.browserstack.com
2026-07-27T19:21:34.746Z CLI info [testhub:request-queue-handler]  [ypludnbaxyot2ifcndag0ihq6bbxwfgauyexp7ea]  [cec4fdeb-4131-48ce-9133-47178bb9ebe8]  Added the event {
  event_type: 'LogCreated',
  logs: [
    {
      testFrameworkName: 'python-generic',
      testFrameworkVersion: 'python-generic-sdk/1.53.4',
      testFrameworkState: 'INIT_TEST',
      timestamp: '2026-07-27T19:20:52.926Z',
      uuid: '10e57b71-8a6f-495e-8b1d-996a48a9c47f',
      kind: 'TEST_LOG',
      message: '19:21:34 [INFO] Analyzed 16 total words across headers. Found 0 repeated > 2 times.',
      level: 'ERROR',
      test_run_uuid: '10e57b71-8a6f-495e-8b1d-996a48a9c47f'
    }
  ]
} to 67176:0
2026-07-27T19:21:34.753Z CLI info [testhub:request-queue-handler]  [ypludnbaxyot2ifcndag0ihq6bbxwfgauyexp7ea]  [cec4fdeb-4131-48ce-9133-47178bb9ebe8]  Added the event {
  event_type: 'LogCreated',
  logs: [
    {
      testFrameworkName: 'python-generic',
      testFrameworkVersion: 'python-generic-sdk/1.53.4',
      testFrameworkState: 'INIT_TEST',
      timestamp: '2026-07-27T19:20:52.926Z',
      uuid: '10e57b71-8a6f-495e-8b1d-996a48a9c47f',
      kind: 'TEST_LOG',
      message: '19:21:34 [INFO] JSON Report exported to: output/report_BrowserStack_SDK_Run.json',
      level: 'ERROR',
      test_run_uuid: '10e57b71-8a6f-495e-8b1d-996a48a9c47f'
    }
  ]
} to 67176:0
2026-07-27T19:21:34.755Z CLI info [testhub:request-queue-handler]  [ypludnbaxyot2ifcndag0ihq6bbxwfgauyexp7ea]  [cec4fdeb-4131-48ce-9133-47178bb9ebe8]  Added the event {
  event_type: 'LogCreated',
  logs: [
    {
      testFrameworkName: 'python-generic',
      testFrameworkVersion: 'python-generic-sdk/1.53.4',
      testFrameworkState: 'INIT_TEST',
      timestamp: '2026-07-27T19:20:52.926Z',
      uuid: '10e57b71-8a6f-495e-8b1d-996a48a9c47f',
      kind: 'TEST_LOG',
      message: '2026-07-27T19:21:34Z [BrowserStack_CE_Pipeline][INFO] - --- Pipeline Execution Complete ---',
      level: 'INFO',
      test_run_uuid: '10e57b71-8a6f-495e-8b1d-996a48a9c47f'
    }
  ]
} to 67176:0
2026-07-27T19:21:34.757Z CLI info [testhub:request-queue-handler]  [ypludnbaxyot2ifcndag0ihq6bbxwfgauyexp7ea]  [cec4fdeb-4131-48ce-9133-47178bb9ebe8]  Added the event {
  event_type: 'LogCreated',
  logs: [
    {
      testFrameworkName: 'python-generic',
      testFrameworkVersion: 'python-generic-sdk/1.53.4',
      testFrameworkState: 'INIT_TEST',
      timestamp: '2026-07-27T19:20:52.926Z',
      uuid: '10e57b71-8a6f-495e-8b1d-996a48a9c47f',
      kind: 'TEST_LOG',
      message: '2026-07-27T19:21:34Z [BrowserStack_CE_Pipeline][INFO] - Analyzed 16 total words across headers. Found 0 repeated > 2 times.',
      level: 'INFO',
      test_run_uuid: '10e57b71-8a6f-495e-8b1d-996a48a9c47f'
    }
  ]
} to 67176:0
2026-07-27T19:21:34.760Z CLI info [testhub:request-queue-handler]  [ypludnbaxyot2ifcndag0ihq6bbxwfgauyexp7ea]  [cec4fdeb-4131-48ce-9133-47178bb9ebe8]  Added the event {
  event_type: 'LogCreated',
  logs: [
    {
      testFrameworkName: 'python-generic',
      testFrameworkVersion: 'python-generic-sdk/1.53.4',
      testFrameworkState: 'INIT_TEST',
      timestamp: '2026-07-27T19:20:52.926Z',
      uuid: '10e57b71-8a6f-495e-8b1d-996a48a9c47f',
      kind: 'TEST_LOG',
      message: '19:21:34 [INFO] --- Pipeline Execution Complete ---',
      level: 'ERROR',
      test_run_uuid: '10e57b71-8a6f-495e-8b1d-996a48a9c47f'
    }
  ]
} to 67176:0
2026-07-27T19:21:34.763Z CLI info [testhub:request-queue-handler]  [ypludnbaxyot2ifcndag0ihq6bbxwfgauyexp7ea]  [cec4fdeb-4131-48ce-9133-47178bb9ebe8]  Added the event {
  event_type: 'LogCreated',
  logs: [
    {
      testFrameworkName: 'python-generic',
      testFrameworkVersion: 'python-generic-sdk/1.53.4',
      testFrameworkState: 'INIT_TEST',
      timestamp: '2026-07-27T19:20:52.926Z',
      uuid: '10e57b71-8a6f-495e-8b1d-996a48a9c47f',
      kind: 'TEST_LOG',
      message: '2026-07-27T19:21:34Z [BrowserStack_CE_Pipeline][INFO] - JSON Report exported to: output/report_BrowserStack_SDK_Run.json',
      level: 'INFO',
      test_run_uuid: '10e57b71-8a6f-495e-8b1d-996a48a9c47f'
    }
  ]
} to 67176:0
2026-07-27T19:21:34.766Z CLI info [testhub:request-queue-handler]  [ypludnbaxyot2ifcndag0ihq6bbxwfgauyexp7ea]  [cec4fdeb-4131-48ce-9133-47178bb9ebe8]  Added the event {
  event_type: 'LogCreated',
  logs: [
    {
      testFrameworkName: 'python-generic',
      testFrameworkVersion: 'python-generic-sdk/1.53.4',
      testFrameworkState: 'INIT_TEST',
      timestamp: '2026-07-27T19:20:52.926Z',
      uuid: '10e57b71-8a6f-495e-8b1d-996a48a9c47f',
      kind: 'TEST_LOG',
      message: '2026-07-27T19:21:34Z [BrowserStack_CE_Pipeline][INFO] - Summary Report exported to: output/report_summary.txt',
      level: 'INFO',
      test_run_uuid: '10e57b71-8a6f-495e-8b1d-996a48a9c47f'
    }
  ]
} to 67176:0
2026-07-27T19:21:34.768Z CLI info [testhub:request-queue-handler]  [ypludnbaxyot2ifcndag0ihq6bbxwfgauyexp7ea]  [cec4fdeb-4131-48ce-9133-47178bb9ebe8]  Added the event {
  event_type: 'LogCreated',
  logs: [
    {
      testFrameworkName: 'python-generic',
      testFrameworkVersion: 'python-generic-sdk/1.53.4',
      testFrameworkState: 'INIT_TEST',
      timestamp: '2026-07-27T19:20:52.926Z',
      uuid: '10e57b71-8a6f-495e-8b1d-996a48a9c47f',
      kind: 'TEST_LOG',
      message: '19:21:34 [INFO] Summary Report exported to: output/report_summary.txt',
      level: 'ERROR',
      test_run_uuid: '10e57b71-8a6f-495e-8b1d-996a48a9c47f'
    }
  ]
} to 67176:0
2026-07-27T19:21:34.770Z CLI info [testhub:request-queue-handler]  [ypludnbaxyot2ifcndag0ihq6bbxwfgauyexp7ea]  [cec4fdeb-4131-48ce-9133-47178bb9ebe8]  Added the event {
  event_type: 'LogCreated',
  logs: [
    {
      testFrameworkName: 'python-generic',
      testFrameworkVersion: 'python-generic-sdk/1.53.4',
      testFrameworkState: 'INIT_TEST',
      timestamp: '2026-07-27T19:20:52.926Z',
      uuid: '10e57b71-8a6f-495e-8b1d-996a48a9c47f',
      kind: 'TEST_LOG',
      message: '19:21:34 [INFO] ✅ Execution completed successfully!',
      level: 'ERROR',
      test_run_uuid: '10e57b71-8a6f-495e-8b1d-996a48a9c47f'
    }
  ]
} to 67176:0
2026-07-27T19:21:34.772Z CLI info [testhub:request-queue-handler]  [ypludnbaxyot2ifcndag0ihq6bbxwfgauyexp7ea]  [cec4fdeb-4131-48ce-9133-47178bb9ebe8]  Added the event {
  event_type: 'LogCreated',
  logs: [
    {
      testFrameworkName: 'python-generic',
      testFrameworkVersion: 'python-generic-sdk/1.53.4',
      testFrameworkState: 'INIT_TEST',
      timestamp: '2026-07-27T19:20:52.926Z',
      uuid: '10e57b71-8a6f-495e-8b1d-996a48a9c47f',
      kind: 'TEST_LOG',
      message: '2026-07-27T19:21:34Z [BrowserStack_CE_Pipeline][INFO] - ✅ Execution completed successfully!',
      level: 'INFO',
      test_run_uuid: '10e57b71-8a6f-495e-8b1d-996a48a9c47f'
    }
  ]
} to 67176:0
2026-07-27T19:21:36.486Z CLI info [testhub:request-queue-handler]  [ypludnbaxyot2ifcndag0ihq6bbxwfgauyexp7ea]  [cec4fdeb-4131-48ce-9133-47178bb9ebe8]  Processing batch event [
  {
    event_type: 'LogCreated',
    logs: [
      {
        testFrameworkName: 'python-generic',
        testFrameworkVersion: 'python-generic-sdk/1.53.4',
        testFrameworkState: 'INIT_TEST',
        timestamp: '2026-07-27T19:20:52.926Z',
        uuid: '10e57b71-8a6f-495e-8b1d-996a48a9c47f',
        kind: 'TEST_LOG',
        message: '19:21:34 [INFO] Analyzed 16 total words across headers. Found 0 repeated > 2 times.',
        level: 'ERROR',
        test_run_uuid: '10e57b71-8a6f-495e-8b1d-996a48a9c47f'
      }
    ]
  },
  {
    event_type: 'LogCreated',
    logs: [
      {
        testFrameworkName: 'python-generic',
        testFrameworkVersion: 'python-generic-sdk/1.53.4',
        testFrameworkState: 'INIT_TEST',
        timestamp: '2026-07-27T19:20:52.926Z',
        uuid: '10e57b71-8a6f-495e-8b1d-996a48a9c47f',
        kind: 'TEST_LOG',
        message: '19:21:34 [INFO] JSON Report exported to: output/report_BrowserStack_SDK_Run.json',
        level: 'ERROR',
        test_run_uuid: '10e57b71-8a6f-495e-8b1d-996a48a9c47f'
      }
    ]
  },
  {
    event_type: 'LogCreated',
    logs: [
      {
        testFrameworkName: 'python-generic',
        testFrameworkVersion: 'python-generic-sdk/1.53.4',
        testFrameworkState: 'INIT_TEST',
        timestamp: '2026-07-27T19:20:52.926Z',
        uuid: '10e57b71-8a6f-495e-8b1d-996a48a9c47f',
        kind: 'TEST_LOG',
        message: '2026-07-27T19:21:34Z [BrowserStack_CE_Pipeline][INFO] - --- Pipeline Execution Complete ---',
        level: 'INFO',
        test_run_uuid: '10e57b71-8a6f-495e-8b1d-996a48a9c47f'
      }
    ]
  },
  {
    event_type: 'LogCreated',
    logs: [
      {
        testFrameworkName: 'python-generic',
        testFrameworkVersion: 'python-generic-sdk/1.53.4',
        testFrameworkState: 'INIT_TEST',
        timestamp: '2026-07-27T19:20:52.926Z',
        uuid: '10e57b71-8a6f-495e-8b1d-996a48a9c47f',
        kind: 'TEST_LOG',
        message: '2026-07-27T19:21:34Z [BrowserStack_CE_Pipeline][INFO] - Analyzed 16 total words across headers. Found 0 repeated > 2 times.',
        level: 'INFO',
        test_run_uuid: '10e57b71-8a6f-495e-8b1d-996a48a9c47f'
      }
    ]
  },
  {
    event_type: 'LogCreated',
    logs: [
      {
        testFrameworkName: 'python-generic',
        testFrameworkVersion: 'python-generic-sdk/1.53.4',
        testFrameworkState: 'INIT_TEST',
        timestamp: '2026-07-27T19:20:52.926Z',
        uuid: '10e57b71-8a6f-495e-8b1d-996a48a9c47f',
        kind: 'TEST_LOG',
        message: '19:21:34 [INFO] --- Pipeline Execution Complete ---',
        level: 'ERROR',
        test_run_uuid: '10e57b71-8a6f-495e-8b1d-996a48a9c47f'
      }
    ]
  },
  {
    event_type: 'LogCreated',
    logs: [
      {
        testFrameworkName: 'python-generic',
        testFrameworkVersion: 'python-generic-sdk/1.53.4',
        testFrameworkState: 'INIT_TEST',
        timestamp: '2026-07-27T19:20:52.926Z',
        uuid: '10e57b71-8a6f-495e-8b1d-996a48a9c47f',
        kind: 'TEST_LOG',
        message: '2026-07-27T19:21:34Z [BrowserStack_CE_Pipeline][INFO] - JSON Report exported to: output/report_BrowserStack_SDK_Run.json',
        level: 'INFO',
        test_run_uuid: '10e57b71-8a6f-495e-8b1d-996a48a9c47f'
      }
    ]
  },
  {
    event_type: 'LogCreated',
    logs: [
      {
        testFrameworkName: 'python-generic',
        testFrameworkVersion: 'python-generic-sdk/1.53.4',
        testFrameworkState: 'INIT_TEST',
        timestamp: '2026-07-27T19:20:52.926Z',
        uuid: '10e57b71-8a6f-495e-8b1d-996a48a9c47f',
        kind: 'TEST_LOG',
        message: '2026-07-27T19:21:34Z [BrowserStack_CE_Pipeline][INFO] - Summary Report exported to: output/report_summary.txt',
        level: 'INFO',
        test_run_uuid: '10e57b71-8a6f-495e-8b1d-996a48a9c47f'
      }
    ]
  },
  {
    event_type: 'LogCreated',
    logs: [
      {
        testFrameworkName: 'python-generic',
        testFrameworkVersion: 'python-generic-sdk/1.53.4',
        testFrameworkState: 'INIT_TEST',
        timestamp: '2026-07-27T19:20:52.926Z',
        uuid: '10e57b71-8a6f-495e-8b1d-996a48a9c47f',
        kind: 'TEST_LOG',
        message: '19:21:34 [INFO] Summary Report exported to: output/report_summary.txt',
        level: 'ERROR',
        test_run_uuid: '10e57b71-8a6f-495e-8b1d-996a48a9c47f'
      }
    ]
  },
  {
    event_type: 'LogCreated',
    logs: [
      {
        testFrameworkName: 'python-generic',
        testFrameworkVersion: 'python-generic-sdk/1.53.4',
        testFrameworkState: 'INIT_TEST',
        timestamp: '2026-07-27T19:20:52.926Z',
        uuid: '10e57b71-8a6f-495e-8b1d-996a48a9c47f',
        kind: 'TEST_LOG',
        message: '19:21:34 [INFO] ✅ Execution completed successfully!',
        level: 'ERROR',
        test_run_uuid: '10e57b71-8a6f-495e-8b1d-996a48a9c47f'
      }
    ]
  },
  {
    event_type: 'LogCreated',
    logs: [
      {
        testFrameworkName: 'python-generic',
        testFrameworkVersion: 'python-generic-sdk/1.53.4',
        testFrameworkState: 'INIT_TEST',
        timestamp: '2026-07-27T19:20:52.926Z',
        uuid: '10e57b71-8a6f-495e-8b1d-996a48a9c47f',
        kind: 'TEST_LOG',
        message: '2026-07-27T19:21:34Z [BrowserStack_CE_Pipeline][INFO] - ✅ Execution completed successfully!',
        level: 'INFO',
        test_run_uuid: '10e57b71-8a6f-495e-8b1d-996a48a9c47f'
      }
    ]
  }
] to 67176:0
2026-07-27T19:21:36.487Z CLI info  [ypludnbaxyot2ifcndag0ihq6bbxwfgauyexp7ea]  [cec4fdeb-4131-48ce-9133-47178bb9ebe8]  [PRODUCTION] Making POST request to https://collector-observability.browserstack.com
2026-07-27T19:21:38.113Z CLI info [testhub:request-queue-handler]  [ypludnbaxyot2ifcndag0ihq6bbxwfgauyexp7ea]  [cec4fdeb-4131-48ce-9133-47178bb9ebe8]  Added the event {
  event_type: 'LogCreated',
  logs: [
    {
      testFrameworkName: 'python-generic',
      testFrameworkVersion: 'python-generic-sdk/1.53.4',
      testFrameworkState: 'INIT_TEST',
      timestamp: '2026-07-27T19:20:52.926Z',
      uuid: '10e57b71-8a6f-495e-8b1d-996a48a9c47f',
      kind: 'TEST_LOG',
      message: '2026-07-27T19:21:38Z [browserstack_sdk.client][INFO] - TestClient: Accessibility not enabled for this platform (is_enabled_platform returned False)',
      level: 'INFO',
      test_run_uuid: '10e57b71-8a6f-495e-8b1d-996a48a9c47f'
    }
  ]
} to 67176:0
2026-07-27T19:21:38.114Z CLI info [testhub:request-queue-handler]  [ypludnbaxyot2ifcndag0ihq6bbxwfgauyexp7ea]  [cec4fdeb-4131-48ce-9133-47178bb9ebe8]  Added the event {
  event_type: 'LogCreated',
  logs: [
    {
      testFrameworkName: 'python-generic',
      testFrameworkVersion: 'python-generic-sdk/1.53.4',
      testFrameworkState: 'INIT_TEST',
      timestamp: '2026-07-27T19:20:52.926Z',
      uuid: '10e57b71-8a6f-495e-8b1d-996a48a9c47f',
      kind: 'TEST_LOG',
      message: '2026-07-27T19:21:38Z [browserstack_sdk.client][INFO] - TestClient: Found driver on current thread',
      level: 'INFO',
      test_run_uuid: '10e57b71-8a6f-495e-8b1d-996a48a9c47f'
    }
  ]
} to 67176:0
2026-07-27T19:21:38.124Z CLI info [testhub:request-queue-handler]  [ypludnbaxyot2ifcndag0ihq6bbxwfgauyexp7ea]  [cec4fdeb-4131-48ce-9133-47178bb9ebe8]  Added the event {
  event_type: 'LogCreated',
  logs: [
    {
      testFrameworkName: 'python-generic',
      testFrameworkVersion: 'python-generic-sdk/1.53.4',
      testFrameworkState: 'INIT_TEST',
      timestamp: '2026-07-27T19:20:52.926Z',
      uuid: '10e57b71-8a6f-495e-8b1d-996a48a9c47f',
      kind: 'TEST_LOG',
      message: "2026-07-27T19:21:38Z [browserstack_sdk.client][ERROR] - TestClient: Failed to set session name: 'sessionId'",
      level: 'INFO',
      test_run_uuid: '10e57b71-8a6f-495e-8b1d-996a48a9c47f'
    }
  ]
} to 67176:0
2026-07-27T19:21:38.150Z CLI info [testhub:request-queue-handler]  [ypludnbaxyot2ifcndag0ihq6bbxwfgauyexp7ea]  [cec4fdeb-4131-48ce-9133-47178bb9ebe8]  Added the event {
  event_type: 'TestRunFinished',
  test_run: {
    type: 'test',
    framework: 'python-generic',
    uuid: '10e57b71-8a6f-495e-8b1d-996a48a9c47f',
    name: 'main',
    body: { lang: 'python', code: null },
    identifier: 'main',
    scope: '',
    scopes: [ 'main' ],
    file_name: 'main.py',
    vc_filepath: '',
    location: 'main.py',
    meta: {
      test_framework: 'python-generic',
      manual_integration: true,
      agent_version: 'python-generic-sdk/1.53.4',
      test_type: 'functional',
      source_line: 38,
      cbt_session_linked: false
    },
    result: 'passed',
    duration_in_ms: 43325,
    started_at: '2026-07-27T19:20:54.793Z',
    finished_at: '2026-07-27T19:21:38.118Z',
    failure: null,
    failure_type: null,
    failure_reason: undefined,
    retry_of: null,
    custom_metadata: {},
    tags: [],
    customRerunParam: { rerun_name: 'main.py::main' },
    hooks: [],
    product_map: {
      observability: true,
      accessibility: false,
      percy: false,
      automate: true,
      app_automate: false,
      lts: false
    },
    integrations: { browserstack: [Object] }
  },
  logs: []
} to 67176:0
2026-07-27T19:21:38.153Z CLI info [testhub:request-queue-handler]  [ypludnbaxyot2ifcndag0ihq6bbxwfgauyexp7ea]  [cec4fdeb-4131-48ce-9133-47178bb9ebe8]  Added the event {
  event_type: 'LogCreated',
  logs: [
    {
      testFrameworkName: 'python-generic',
      testFrameworkVersion: 'python-generic-sdk/1.53.4',
      testFrameworkState: 'INIT_TEST',
      timestamp: '2026-07-27T19:20:52.926Z',
      uuid: '10e57b71-8a6f-495e-8b1d-996a48a9c47f',
      kind: 'TEST_LOG',
      message: "2026-07-27T19:21:38Z [browserstack_sdk.client][ERROR] - TestClient: Failed to mark session status: 'sessionId'",
      level: 'INFO',
      test_run_uuid: '10e57b71-8a6f-495e-8b1d-996a48a9c47f'
    }
  ]
} to 67176:0
2026-07-27T19:21:38.486Z CLI info [testhub:request-queue-handler]  [ypludnbaxyot2ifcndag0ihq6bbxwfgauyexp7ea]  [cec4fdeb-4131-48ce-9133-47178bb9ebe8]  Processing batch event [
  {
    event_type: 'LogCreated',
    logs: [
      {
        testFrameworkName: 'python-generic',
        testFrameworkVersion: 'python-generic-sdk/1.53.4',
        testFrameworkState: 'INIT_TEST',
        timestamp: '2026-07-27T19:20:52.926Z',
        uuid: '10e57b71-8a6f-495e-8b1d-996a48a9c47f',
        kind: 'TEST_LOG',
        message: '2026-07-27T19:21:38Z [browserstack_sdk.client][INFO] - TestClient: Accessibility not enabled for this platform (is_enabled_platform returned False)',
        level: 'INFO',
        test_run_uuid: '10e57b71-8a6f-495e-8b1d-996a48a9c47f'
      }
    ]
  },
  {
    event_type: 'LogCreated',
    logs: [
      {
        testFrameworkName: 'python-generic',
        testFrameworkVersion: 'python-generic-sdk/1.53.4',
        testFrameworkState: 'INIT_TEST',
        timestamp: '2026-07-27T19:20:52.926Z',
        uuid: '10e57b71-8a6f-495e-8b1d-996a48a9c47f',
        kind: 'TEST_LOG',
        message: '2026-07-27T19:21:38Z [browserstack_sdk.client][INFO] - TestClient: Found driver on current thread',
        level: 'INFO',
        test_run_uuid: '10e57b71-8a6f-495e-8b1d-996a48a9c47f'
      }
    ]
  },
  {
    event_type: 'LogCreated',
    logs: [
      {
        testFrameworkName: 'python-generic',
        testFrameworkVersion: 'python-generic-sdk/1.53.4',
        testFrameworkState: 'INIT_TEST',
        timestamp: '2026-07-27T19:20:52.926Z',
        uuid: '10e57b71-8a6f-495e-8b1d-996a48a9c47f',
        kind: 'TEST_LOG',
        message: "2026-07-27T19:21:38Z [browserstack_sdk.client][ERROR] - TestClient: Failed to set session name: 'sessionId'",
        level: 'INFO',
        test_run_uuid: '10e57b71-8a6f-495e-8b1d-996a48a9c47f'
      }
    ]
  },
  {
    event_type: 'TestRunFinished',
    test_run: {
      type: 'test',
      framework: 'python-generic',
      uuid: '10e57b71-8a6f-495e-8b1d-996a48a9c47f',
      name: 'main',
      body: { lang: 'python', code: null },
      identifier: 'main',
      scope: '',
      scopes: [ 'main' ],
      file_name: 'main.py',
      vc_filepath: '',
      location: 'main.py',
      meta: {
        test_framework: 'python-generic',
        manual_integration: true,
        agent_version: 'python-generic-sdk/1.53.4',
        test_type: 'functional',
        source_line: 38,
        cbt_session_linked: false
      },
      result: 'passed',
      duration_in_ms: 43325,
      started_at: '2026-07-27T19:20:54.793Z',
      finished_at: '2026-07-27T19:21:38.118Z',
      failure: null,
      failure_type: null,
      failure_reason: undefined,
      retry_of: null,
      custom_metadata: {},
      tags: [],
      customRerunParam: { rerun_name: 'main.py::main' },
      hooks: [],
      product_map: {
        observability: true,
        accessibility: false,
        percy: false,
        automate: true,
        app_automate: false,
        lts: false
      },
      integrations: {
        browserstack: {
          capabilities: {
            webStorageEnabled: false,
            locationContextEnabled: false,
            browserName: 'safari',
            platform: 'MAC',
            javascriptEnabled: true,
            databaseEnabled: false,
            takesScreenshot: true,
            networkConnectionEnabled: false,
            pageLoadStrategy: 'normal',
            platformName: 'iOS',
            newCommandTimeout: 0,
            realMobile: 'true',
            deviceName: 'iPhone 15',
            safariIgnoreFraudWarning: true,
            orientation: 'PORTRAIT',
            deviceOrientation: 'PORTRAIT',
            noReset: true,
            automationName: 'XCUITest',
            keychainPath: '[REDACTED VALUE]',
            keychainPassword: '[REDACTED VALUE]',
            useXctestrunFile: true,
            bootstrapPath: '/usr/local/.browserstack/config/wda_derived_data_17_3.3.0.11.0.0_515e29e8-234f-4a0f-a938-5ab844beed3d/Build/Products',
            'browserstack.isTargetBased': 'true',
            udid: '00008120-00164C303CC2201E'
          },
          browser: 'safari',
          browser_version: null,
          platform: 'iOS',
          platform_version: null,
          product: 'automate'
        }
      }
    },
    logs: []
  },
  {
    event_type: 'LogCreated',
    logs: [
      {
        testFrameworkName: 'python-generic',
        testFrameworkVersion: 'python-generic-sdk/1.53.4',
        testFrameworkState: 'INIT_TEST',
        timestamp: '2026-07-27T19:20:52.926Z',
        uuid: '10e57b71-8a6f-495e-8b1d-996a48a9c47f',
        kind: 'TEST_LOG',
        message: "2026-07-27T19:21:38Z [browserstack_sdk.client][ERROR] - TestClient: Failed to mark session status: 'sessionId'",
        level: 'INFO',
        test_run_uuid: '10e57b71-8a6f-495e-8b1d-996a48a9c47f'
      }
    ]
  }
] to 67176:0
2026-07-27T19:21:38.488Z CLI info  [ypludnbaxyot2ifcndag0ihq6bbxwfgauyexp7ea]  [cec4fdeb-4131-48ce-9133-47178bb9ebe8]  [PRODUCTION] Making POST request to https://collector-observability.browserstack.com
2026-07-27T19:21:38.546Z CLI info  [ypludnbaxyot2ifcndag0ihq6bbxwfgauyexp7ea]  [cec4fdeb-4131-48ce-9133-47178bb9ebe8]  [PRODUCTION] Making GET request to https://api.browserstack.com
2026-07-27T19:21:39.312Z CLI info  [ypludnbaxyot2ifcndag0ihq6bbxwfgauyexp7ea]  [cec4fdeb-4131-48ce-9133-47178bb9ebe8]  [PRODUCTION] Making PUT request to https://collector-observability.browserstack.com
2026-07-27T19:21:40.151Z CLI info [testhub:module]  [ypludnbaxyot2ifcndag0ihq6bbxwfgauyexp7ea]  [cec4fdeb-4131-48ce-9133-47178bb9ebe8]  stopBuild: ypludnbaxyot2ifcndag0ihq6bbxwfgauyexp7ea request={"finished_at":"2026-07-27T19:21:38.545Z","finished_metadata":[],"custom_metadata":null} response={"data":""}
2026-07-27T19:21:40.155Z CLI info  [ypludnbaxyot2ifcndag0ihq6bbxwfgauyexp7ea]  [cec4fdeb-4131-48ce-9133-47178bb9ebe8]  [PRODUCTION] Making POST request to https://api.browserstack.com
2026-07-27T19:21:41.173Z CLI info [TEST REPORTING AND ANALYTICS:module]  [ypludnbaxyot2ifcndag0ihq6bbxwfgauyexp7ea]  [cec4fdeb-4131-48ce-9133-47178bb9ebe8]  Visit https://automation.browserstack.com/builds/ypludnbaxyot2ifcndag0ihq6bbxwfgauyexp7ea to view build report, insights, and many more debugging information all at one place!
2026-07-27T19:21:41.228Z CLI info  [ypludnbaxyot2ifcndag0ihq6bbxwfgauyexp7ea]  [cec4fdeb-4131-48ce-9133-47178bb9ebe8]  [PRODUCTION] Making POST request to https://eds.browserstack.com
2026-07-27T19:22:11.185Z CLI info [main]  [ypludnbaxyot2ifcndag0ihq6bbxwfgauyexp7ea]  [cec4fdeb-4131-48ce-9133-47178bb9ebe8]  Received graceful signal termination (SIGTERM), performing cleanup
